Time,Inj Gas Meter Volume Instantaneous,Inj Gas Meter Volume Setpoint,Inj Gas Valve Percent Open
09/22/2024 12:15:00 am,920.97615,910.5,
09/22/2024 12:20:00 am,920.96205,910.5,
09/22/2024 1:05:00 am,,910.5,
09/22/2024 1:40:00 am,934.1751,910.5,
09/22/2024 1:45:00 am,,910.5,43.51945
09/22/2024 1:50:00 am,939.19215,910.5,
09/22/2024 1:55:00 am,939.3099,910.5,
09/22/2024 2:00:00 am,943.168425,910.5,43.51945
09/22/2024 2:10:00 am,942.0063,910.5,
09/22/2024 2:15:00 am,942.3276,910.5,
09/22/2024 2:20:00 am,948.65115,910.5,
09/22/2024 2:25:00 am,953.73105,910.5,
09/22/2024 2:40:00 am,963.92235,910.5,
09/22/2024 3:00:00 am,962.79405,910.5,43.51945
09/22/2024 3:05:00 am,970.5504,910.5,
09/22/2024 3:10:00 am,973.1256499999996,910.5,
09/22/2024 3:50:00 am,973.2873,910.5,
09/22/2024 4:00:00 am,973.2873,910.5,43.51945
09/22/2024 4:30:00 am,,910.5,
09/22/2024 5:00:00 am,,910.5,43.51945
09/22/2024 5:30:00 am,973.30275,910.5,37.28858
09/22/2024 5:35:00 am,979.820325,910.5,
09/22/2024 5:50:00 am,944.660475,910.5,36.7808
09/22/2024 5:55:00 am,945.8039500000006,910.5,
09/22/2024 6:00:00 am,948.5169,910.5,36.7808
09/22/2024 6:05:00 am,957.1218,910.5,
09/22/2024 6:15:00 am,956.4183,910.5,
09/22/2024 6:20:00 am,953.74665,910.5,
09/22/2024 6:35:00 am,960.437625,910.5,
09/22/2024 6:40:00 am,960.48585,910.5,
09/22/2024 6:50:00 am,954.9867499999996,910.5,
09/22/2024 6:55:00 am,953.8587,910.5,
09/22/2024 7:00:00 am,950.50395,910.5,
09/22/2024 7:05:00 am,950.50395,910.5,
09/22/2024 7:30:00 am,954.54315,910.5,
09/22/2024 7:35:00 am,957.30255,910.5,
09/22/2024 7:45:00 am,957.852,910.5,
09/22/2024 7:50:00 am,961.46475,910.5,
09/22/2024 7:55:00 am,,910.5,
09/22/2024 8:00:00 am,961.5105,910.5,36.7808
09/22/2024 8:05:00 am,961.31415,910.5,
09/22/2024 8:10:00 am,961.9269499999996,910.5,
09/22/2024 8:15:00 am,963.39945,910.5,
09/22/2024 8:20:00 am,966.0015,910.5,
09/22/2024 8:25:00 am,965.994975,910.5,
09/22/2024 8:35:00 am,959.81985,910.5,
09/22/2024 8:40:00 am,959.16,910.5,
09/22/2024 8:45:00 am,957.4366999999996,910.5,
09/22/2024 8:50:00 am,952.2264,910.5,
09/22/2024 8:55:00 am,,910.5,
09/22/2024 9:00:00 am,956.262,910.5,
09/22/2024 9:05:00 am,956.17185,910.5,
09/22/2024 9:10:00 am,957.6945,910.5,
09/22/2024 9:25:00 am,965.725425,910.5,
09/22/2024 9:30:00 am,969.3453,910.5,
09/22/2024 9:35:00 am,977.53035,910.5,
09/22/2024 9:50:00 am,959.09325,910.5,36.02027
09/22/2024 9:55:00 am,957.8637,910.5,
09/22/2024 10:00:00 am,,910.5,36.02027
09/22/2024 10:05:00 am,981.636,910.5,35.89112
09/22/2024 10:10:00 am,983.8902,910.5,
09/22/2024 10:15:00 am,952.3968499999996,910.5,
09/22/2024 10:20:00 am,952.866225,910.5,
09/22/2024 10:25:00 am,953.0886499999996,910.5,
09/22/2024 10:35:00 am,953.54775,910.5,
09/22/2024 10:40:00 am,957.2671000000004,910.5,
09/22/2024 10:45:00 am,958.7393625,910.5,
09/22/2024 10:50:00 am,958.143675,910.5,
09/22/2024 10:55:00 am,958.2102,910.5,
09/22/2024 11:05:00 am,956.48985,910.5,35.76355
09/22/2024 11:35:00 am,949.3566,910.5,
09/22/2024 11:40:00 am,949.3566,910.5,
09/22/2024 11:50:00 am,949.83225,910.5,
09/22/2024 11:55:00 am,949.5813375,910.5,35.76355
09/22/2024 12:10:00 pm,942.196725,910.5,
09/22/2024 12:25:00 pm,940.83615,910.5,
09/22/2024 12:30:00 pm,943.0614,910.5,
09/22/2024 12:35:00 pm,938.925,910.5,
09/22/2024 12:40:00 pm,935.8671,910.5,
09/22/2024 1:00:00 pm,936.9063,910.5,35.76355
09/22/2024 1:05:00 pm,,910.5,35.76355
09/22/2024 1:10:00 pm,936.84105,910.5,
09/22/2024 1:35:00 pm,938.8062499999996,910.5,
09/22/2024 1:40:00 pm,941.632725,910.5,
09/22/2024 1:45:00 pm,941.38995,910.5,
09/22/2024 1:50:00 pm,941.393625,910.5,
09/22/2024 1:55:00 pm,939.477525,910.5,
09/22/2024 2:00:00 pm,941.24595,910.5,
09/22/2024 2:05:00 pm,,910.5,
09/22/2024 2:40:00 pm,939.5499499999994,910.5,
09/22/2024 2:45:00 pm,938.883675,910.5,
09/22/2024 2:50:00 pm,938.41995,910.5,
09/22/2024 2:55:00 pm,941.2257,910.5,35.76355
09/22/2024 3:00:00 pm,941.6133,910.5,35.76355
09/22/2024 3:05:00 pm,939.670275,910.5,
09/22/2024 3:25:00 pm,937.185,910.5,
09/22/2024 3:30:00 pm,935.94045,910.5,
09/22/2024 3:45:00 pm,936.1252000000006,910.5,
09/22/2024 3:50:00 pm,936.3246499999996,910.5,
09/22/2024 4:05:00 pm,931.4223,910.5,
09/22/2024 4:10:00 pm,929.2737,910.5,
09/22/2024 4:15:00 pm,925.8573,910.5,
09/22/2024 4:25:00 pm,920.5359,910.5,
09/22/2024 4:35:00 pm,916.5786,910.5,
09/22/2024 4:45:00 pm,921.98475,910.5,
09/22/2024 4:50:00 pm,923.36115,910.5,
09/22/2024 5:00:00 pm,,910.5,
09/22/2024 5:05:00 pm,919.47165,910.5,35.76355
09/22/2024 5:10:00 pm,923.6592,910.5,
09/22/2024 5:25:00 pm,924.01305,910.5,
09/22/2024 5:40:00 pm,929.972025,910.5,
09/22/2024 5:50:00 pm,934.202925,910.5,
09/22/2024 5:55:00 pm,935.229,910.5,35.76355
09/22/2024 6:10:00 pm,970.251525,910.5,
09/22/2024 6:15:00 pm,978.336,910.5,
09/22/2024 6:30:00 pm,970.3728,910.5,
09/22/2024 6:35:00 pm,973.06455,910.5,
09/22/2024 6:40:00 pm,973.4268,910.5,
09/22/2024 7:00:00 pm,947.27625,910.5,34.48821
09/22/2024 7:30:00 pm,952.91895,910.5,
09/22/2024 7:35:00 pm,950.7936,910.5,
09/22/2024 7:40:00 pm,948.5580499999994,910.5,
09/22/2024 7:45:00 pm,949.209825,910.5,
09/22/2024 7:50:00 pm,950.4372,910.5,
09/22/2024 8:00:00 pm,947.92065,910.5,
09/22/2024 8:05:00 pm,948.95805,910.5,
09/22/2024 8:10:00 pm,949.5077625,910.5,
09/22/2024 8:15:00 pm,950.59335,910.5,
09/22/2024 8:25:00 pm,949.416,910.5,
09/22/2024 8:30:00 pm,948.8494000000004,910.5,
09/22/2024 8:45:00 pm,947.2364500000004,910.5,
09/22/2024 8:50:00 pm,949.544025,910.5,
09/22/2024 9:00:00 pm,,910.5,34.48821
09/22/2024 9:20:00 pm,954.1266,910.5,
09/22/2024 9:35:00 pm,952.27905,910.5,
09/22/2024 9:40:00 pm,951.36285,910.5,
09/22/2024 9:50:00 pm,949.28835,910.5,
09/22/2024 10:05:00 pm,,910.5,
09/22/2024 10:10:00 pm,951.259425,910.5,
09/22/2024 10:20:00 pm,951.753,910.5,
09/22/2024 10:30:00 pm,957.681,910.5,
09/22/2024 10:35:00 pm,959.7384,910.5,
09/22/2024 10:40:00 pm,962.0982,910.5,
09/22/2024 10:45:00 pm,961.861425,910.5,
09/22/2024 10:50:00 pm,959.417625,910.5,
09/22/2024 11:00:00 pm,955.7802,910.5,
09/22/2024 11:05:00 pm,,910.5,
09/22/2024 11:10:00 pm,952.66905,910.5,
09/22/2024 11:20:00 pm,954.18315,910.5,
09/22/2024 11:35:00 pm,955.286325,910.5,
09/22/2024 11:40:00 pm,955.89555,910.5,
09/22/2024 11:45:00 pm,957.557775,910.5,
09/22/2024 11:55:00 pm,960.89685,910.5,
09/23/2024 12:10:00 am,961.18155,910.5,
09/23/2024 12:15:00 am,960.697425,910.5,
09/23/2024 12:30:00 am,962.41725,910.5,
09/23/2024 12:40:00 am,962.4186,910.5,
09/23/2024 12:45:00 am,960.2814,910.5,
09/23/2024 12:50:00 am,963.458475,910.5,
09/23/2024 12:55:00 am,959.25645,910.5,
09/23/2024 1:00:00 am,958.79235,910.5,34.48821
09/23/2024 1:05:00 am,,910.5,
09/23/2024 1:10:00 am,956.6697,910.5,
09/23/2024 1:25:00 am,959.94015,910.5,
09/23/2024 1:35:00 am,959.60325,910.5,
09/23/2024 1:40:00 am,960.77985,910.5,
09/23/2024 1:45:00 am,967.41645,910.5,
09/23/2024 1:50:00 am,962.4261499999996,910.5,
09/23/2024 1:55:00 am,964.0401,910.5,
09/23/2024 2:05:00 am,958.1229,910.5,34.48821
09/23/2024 2:10:00 am,952.528575,910.5,
09/23/2024 2:15:00 am,957.924,910.5,
09/23/2024 2:25:00 am,957.5496,910.5,
09/23/2024 2:30:00 am,957.0303,910.5,
09/23/2024 2:45:00 am,956.8407,910.5,
09/23/2024 2:50:00 am,954.679425,910.5,
09/23/2024 3:05:00 am,932.419125,910.5,
09/23/2024 3:25:00 am,925.73265,910.5,
09/23/2024 3:30:00 am,927.105,910.5,
09/23/2024 3:40:00 am,927.55305,910.5,
09/23/2024 3:45:00 am,929.58825,910.5,
09/23/2024 3:50:00 am,928.9491499999996,910.5,
09/23/2024 3:55:00 am,926.1015,910.5,
09/23/2024 4:00:00 am,927.428325,910.5,
09/23/2024 4:05:00 am,927.4962,910.5,
09/23/2024 4:10:00 am,927.4914,910.5,
09/23/2024 4:15:00 am,932.85885,910.5,
09/23/2024 4:20:00 am,933.0033,910.5,
09/23/2024 4:25:00 am,935.996625,910.5,
09/23/2024 4:30:00 am,933.10695,910.5,
09/23/2024 4:35:00 am,934.3443,910.5,
09/23/2024 4:40:00 am,936.246075,910.5,
09/23/2024 4:45:00 am,938.421,910.5,
09/23/2024 4:50:00 am,933.4995,910.5,
09/23/2024 4:55:00 am,936.82515,910.5,
09/23/2024 5:00:00 am,,910.5,34.48821
09/23/2024 5:05:00 am,939.46485,910.5,
09/23/2024 5:25:00 am,930.87015,910.5,
09/23/2024 5:35:00 am,930.94785,910.5,
09/23/2024 5:45:00 am,929.623125,910.5,
09/23/2024 5:55:00 am,947.965575,910.5,
09/23/2024 6:00:00 am,,910.5,34.48821
09/23/2024 6:10:00 am,952.12515,910.5,
09/23/2024 6:15:00 am,951.22305,910.5,
09/23/2024 6:20:00 am,951.6654,910.5,
09/23/2024 6:25:00 am,951.56265,910.5,
09/23/2024 6:35:00 am,944.7522,910.5,
09/23/2024 6:40:00 am,945.13905,910.5,
09/23/2024 6:45:00 am,945.67005,910.5,
09/23/2024 6:50:00 am,947.7173500000004,910.5,
09/23/2024 6:55:00 am,946.338825,910.5,
09/23/2024 7:00:00 am,945.6957,910.5,34.48821
09/23/2024 7:05:00 am,942.23745,910.5,
09/23/2024 7:10:00 am,946.5702,910.5,
09/23/2024 7:25:00 am,946.4041875,910.5,
09/23/2024 7:35:00 am,947.620425,910.5,
09/23/2024 7:40:00 am,948.6258,910.5,
09/23/2024 7:45:00 am,947.6463,910.5,
09/23/2024 7:50:00 am,945.452325,910.5,
09/23/2024 8:00:00 am,946.89195,910.5,34.48821
09/23/2024 8:05:00 am,948.611925,910.5,
09/23/2024 8:10:00 am,953.522625,910.5,
09/23/2024 8:15:00 am,949.8018,910.5,
09/23/2024 8:20:00 am,947.3121,910.5,
09/23/2024 8:25:00 am,944.1834,910.5,
09/23/2024 8:40:00 am,945.98085,910.5,
09/23/2024 8:50:00 am,942.594225,910.5,
09/23/2024 8:55:00 am,944.4699,910.5,
09/23/2024 9:00:00 am,942.39345,910.5,
09/23/2024 9:05:00 am,941.319225,910.5,
09/23/2024 9:10:00 am,942.9983500000004,910.5,
09/23/2024 9:15:00 am,946.11615,910.5,
09/23/2024 9:20:00 am,944.8236,910.5,
09/23/2024 9:25:00 am,949.4329999999997,910.5,
09/23/2024 9:35:00 am,946.7001,910.5,
09/23/2024 9:40:00 am,944.1882,910.5,
09/23/2024 9:45:00 am,947.570025,910.5,
09/23/2024 9:50:00 am,947.280075,910.5,
09/23/2024 9:55:00 am,947.19435,910.5,
09/23/2024 10:00:00 am,,910.5,34.48821
09/23/2024 10:10:00 am,940.8349999999996,910.5,
09/23/2024 10:20:00 am,939.1107499999996,910.5,
09/23/2024 10:25:00 am,937.232925,910.5,
09/23/2024 10:35:00 am,937.9317499999996,910.5,
09/23/2024 10:40:00 am,940.09215,910.5,
09/23/2024 10:45:00 am,939.994725,910.5,
09/23/2024 10:50:00 am,943.2102,910.5,
09/23/2024 10:55:00 am,943.2102,910.5,
09/23/2024 11:00:00 am,,910.5,
09/23/2024 11:05:00 am,938.966775,910.5,
09/23/2024 11:10:00 am,932.9034,910.5,
09/23/2024 11:15:00 am,927.5478,910.5,
09/23/2024 11:20:00 am,925.050675,910.5,
09/23/2024 11:25:00 am,925.356,910.5,
09/23/2024 11:30:00 am,926.22915,910.5,
09/23/2024 11:35:00 am,927.18615,910.5,
09/23/2024 11:40:00 am,925.6814500000004,910.5,
09/23/2024 11:45:00 am,923.5074,910.5,
09/23/2024 11:55:00 am,923.5074,910.5,34.48821
09/23/2024 12:40:00 pm,,910.5,34.48821
09/23/2024 1:00:00 pm,,910.5,34.48821
09/23/2024 3:00:00 pm,931.9521,910.5,34.48821
09/23/2024 3:30:00 pm,924.3993,910.5,
09/23/2024 3:40:00 pm,918.7089,910.5,
09/23/2024 3:45:00 pm,917.49315,910.5,
09/23/2024 3:50:00 pm,915.3272625,910.5,
09/23/2024 3:55:00 pm,911.2032,910.5,
09/23/2024 4:00:00 pm,,910.5,34.48821
09/23/2024 4:05:00 pm,900.303,910.5,34.48821
09/23/2024 4:10:00 pm,898.22325,910.5,
09/23/2024 4:15:00 pm,891.8711999999999,910.5,
09/23/2024 4:20:00 pm,890.7359999999999,910.5,
09/23/2024 4:25:00 pm,892.39965,910.5,
09/23/2024 4:30:00 pm,893.807325,910.5,
09/23/2024 4:35:00 pm,895.9623000000001,910.5,
09/23/2024 4:40:00 pm,897.62505,910.5,
09/23/2024 4:50:00 pm,899.883,910.5,
09/23/2024 4:55:00 pm,901.138425,910.5,34.48821
09/23/2024 5:00:00 pm,903.00915,910.5,34.48821
09/23/2024 5:05:00 pm,902.36955,910.5,
09/23/2024 5:10:00 pm,900.8865,910.5,
09/23/2024 5:25:00 pm,912.45042,910.5,
09/23/2024 5:30:00 pm,913.7716875,910.5,
09/23/2024 5:35:00 pm,916.369875,910.5,
09/23/2024 5:40:00 pm,916.60695,910.5,
09/23/2024 5:45:00 pm,908.91642,910.5,
09/23/2024 5:50:00 pm,909.311325,910.5,
09/23/2024 5:55:00 pm,909.190275,910.5,34.48821
09/23/2024 6:05:00 pm,870.80295,910.5,
09/23/2024 6:10:00 pm,865.8154499999999,910.5,
09/23/2024 6:15:00 pm,860.9150999999999,910.5,
09/23/2024 6:20:00 pm,859.1786999999999,910.5,
09/23/2024 6:25:00 pm,855.3302749999996,910.5,
09/23/2024 6:30:00 pm,855.1167,910.5,
09/23/2024 6:35:00 pm,856.767675,910.5,
09/23/2024 6:40:00 pm,858.6919500000001,910.5,
09/23/2024 6:45:00 pm,885.2868,910.5,
09/23/2024 6:50:00 pm,904.50849,910.5,
09/23/2024 6:55:00 pm,910.9045875,910.5,
09/23/2024 7:00:00 pm,913.2527500000004,910.5,34.48821
09/23/2024 7:05:00 pm,911.0748,910.5,34.48821
09/23/2024 7:10:00 pm,907.343175,910.5,
09/23/2024 7:20:00 pm,913.11555,910.5,
09/23/2024 7:25:00 pm,900.95181,910.5,
09/23/2024 7:30:00 pm,885.7446,910.5,
09/23/2024 7:35:00 pm,876.0494500000004,910.5,
09/23/2024 7:40:00 pm,873.5852400000001,910.5,
09/23/2024 7:45:00 pm,873.5991374999999,910.5,
09/23/2024 7:50:00 pm,875.9963571428564,910.5,
09/23/2024 7:55:00 pm,872.3237624999999,910.5,
09/23/2024 8:00:00 pm,867.041925,910.5,34.48821
09/23/2024 8:05:00 pm,862.2566625,910.5,34.48821
09/23/2024 8:10:00 pm,863.7110749999995,910.5,
09/23/2024 8:15:00 pm,867.46509,910.5,
09/23/2024 8:20:00 pm,875.7826125000001,910.5,
09/23/2024 8:25:00 pm,876.00039,910.5,
09/23/2024 8:30:00 pm,884.09835,910.5,
09/23/2024 8:35:00 pm,886.6154500000005,910.5,
09/23/2024 8:40:00 pm,892.16211,910.5,
09/23/2024 8:45:00 pm,898.2388500000001,910.5,
09/23/2024 8:50:00 pm,908.53353,910.5,
09/23/2024 8:55:00 pm,920.1876375,910.5,
09/23/2024 9:00:00 pm,923.46615,910.5,34.48821
09/23/2024 9:20:00 pm,895.0045500000001,910.5,
09/23/2024 9:35:00 pm,888.9891,910.5,
09/23/2024 9:40:00 pm,896.1390000000001,910.5,
09/23/2024 9:45:00 pm,895.5215625,910.5,
09/23/2024 9:50:00 pm,898.4583,910.5,
09/23/2024 9:55:00 pm,900.117375,910.5,
09/23/2024 10:00:00 pm,899.5491,910.5,34.48821
09/23/2024 10:05:00 pm,900.62505,910.5,
09/23/2024 10:10:00 pm,903.533442857142,910.5,
09/23/2024 10:15:00 pm,906.0790875,910.5,
09/23/2024 10:20:00 pm,908.83335,910.5,
09/23/2024 10:25:00 pm,909.215025,910.5,
09/23/2024 10:30:00 pm,910.7034,910.5,
09/23/2024 10:35:00 pm,909.141525,910.5,
09/23/2024 10:40:00 pm,910.6115500000004,910.5,
09/23/2024 10:45:00 pm,910.46358,910.5,
09/23/2024 10:50:00 pm,911.115,910.5,
09/23/2024 10:55:00 pm,907.7599000000004,910.5,
09/23/2024 11:00:00 pm,907.8224500000006,910.5,
09/23/2024 11:05:00 pm,904.5945,910.5,34.48821
09/23/2024 11:10:00 pm,905.72655,910.5,
09/23/2024 11:20:00 pm,903.04305,910.5,
09/23/2024 11:25:00 pm,903.785175,910.5,
09/23/2024 11:30:00 pm,903.0594,910.5,
09/23/2024 11:35:00 pm,903.79059,910.5,
09/23/2024 11:40:00 pm,907.5322000000006,910.5,
09/23/2024 11:45:00 pm,908.4750375,910.5,
09/23/2024 11:50:00 pm,911.6958,910.5,
09/23/2024 11:55:00 pm,911.98848,910.5,34.48821
09/24/2024 12:10:00 am,908.2053,910.5,
09/24/2024 12:15:00 am,910.905825,910.5,
09/24/2024 12:20:00 am,914.3502,910.5,
09/24/2024 12:25:00 am,912.4248,910.5,
09/24/2024 12:30:00 am,905.7378,910.5,
09/24/2024 12:35:00 am,904.417125,910.5,
09/24/2024 12:40:00 am,904.637325,910.5,
09/24/2024 12:45:00 am,908.42976,910.5,
09/24/2024 12:50:00 am,902.590875,910.5,
09/24/2024 12:55:00 am,899.5908000000001,910.5,
09/24/2024 1:00:00 am,896.6258500000006,910.5,34.48821
09/24/2024 1:05:00 am,894.297225,910.5,
09/24/2024 1:10:00 am,896.48355,910.5,
09/24/2024 1:20:00 am,894.5423999999999,910.5,
09/24/2024 1:25:00 am,893.9396999999999,910.5,
09/24/2024 1:35:00 am,892.269,910.5,
09/24/2024 1:40:00 am,894.5256,910.5,
09/24/2024 1:45:00 am,892.368975,910.5,
09/24/2024 1:50:00 am,893.2582999999995,910.5,
09/24/2024 1:55:00 am,894.4173,910.5,
09/24/2024 2:00:00 am,893.5669500000001,910.5,
09/24/2024 2:05:00 am,897.9058499999999,910.5,34.48821
09/24/2024 2:10:00 am,900.7538785714293,910.5,
09/24/2024 2:15:00 am,897.7953,910.5,
09/24/2024 2:20:00 am,896.5715500000006,910.5,
09/24/2024 2:25:00 am,893.9642999999999,910.5,
09/24/2024 2:30:00 am,894.3768,910.5,
09/24/2024 2:35:00 am,894.7279000000005,910.5,
09/24/2024 2:40:00 am,897.7512,910.5,
09/24/2024 2:45:00 am,896.1111499999995,910.5,
09/24/2024 2:50:00 am,896.3785499999999,910.5,
09/24/2024 2:55:00 am,893.41365,910.5,
09/24/2024 3:00:00 am,892.1701499999999,910.5,
09/24/2024 3:05:00 am,889.6576999999995,910.5,34.48821
09/24/2024 3:10:00 am,888.3867,910.5,
09/24/2024 3:20:00 am,895.3884,910.5,
09/24/2024 3:25:00 am,895.4418,910.5,
09/24/2024 3:30:00 am,897.2049000000001,910.5,
09/24/2024 3:35:00 am,896.7984749999999,910.5,
09/24/2024 3:40:00 am,892.4687500000005,910.5,
09/24/2024 3:45:00 am,894.71745,910.5,
09/24/2024 3:50:00 am,898.17375,910.5,
09/24/2024 3:55:00 am,898.3839,910.5,
09/24/2024 4:00:00 am,899.69715,910.5,34.48821
09/24/2024 4:05:00 am,891.1536,910.5,
09/24/2024 4:10:00 am,889.9399500000001,910.5,
09/24/2024 4:15:00 am,891.1906000000006,910.5,
09/24/2024 4:20:00 am,890.8647374999999,910.5,
09/24/2024 4:25:00 am,891.0545500000005,910.5,
09/24/2024 4:30:00 am,891.5440000000006,910.5,
09/24/2024 4:35:00 am,888.0528750000001,910.5,
09/24/2024 4:40:00 am,889.7216999999999,910.5,
09/24/2024 4:45:00 am,889.8530625,910.5,
09/24/2024 4:50:00 am,890.8024000000005,910.5,
09/24/2024 4:55:00 am,891.3806999999999,910.5,34.48821
09/24/2024 5:00:00 am,891.3371999999999,910.5,
09/24/2024 5:05:00 am,891.6732250000005,910.5,34.48821
09/24/2024 5:10:00 am,890.5905,910.5,
09/24/2024 5:25:00 am,895.4451499999996,910.5,
09/24/2024 5:35:00 am,893.4609750000001,910.5,
09/24/2024 5:40:00 am,894.3024,910.5,
09/24/2024 5:45:00 am,891.0073000000004,910.5,
09/24/2024 5:50:00 am,891.94065,910.5,
09/24/2024 5:55:00 am,893.8083,910.5,34.48821
09/24/2024 6:05:00 am,900.4540499999999,910.5,
09/24/2024 6:10:00 am,896.57835,910.5,
09/24/2024 6:15:00 am,896.1113399999999,910.5,
09/24/2024 6:20:00 am,897.13365,910.5,
09/24/2024 6:25:00 am,893.8818,910.5,
09/24/2024 6:30:00 am,894.9745500000001,910.5,
09/24/2024 6:35:00 am,894.654375,910.5,
09/24/2024 6:40:00 am,896.0115499999995,910.5,
09/24/2024 6:45:00 am,894.8851000000004,910.5,
09/24/2024 6:50:00 am,894.8005875,910.5,
09/24/2024 6:55:00 am,895.9772249999999,910.5,
09/24/2024 7:00:00 am,893.4006,910.5,34.48821
09/24/2024 7:05:00 am,897.5569125,910.5,34.48821
09/24/2024 7:10:00 am,896.01405,910.5,
09/24/2024 7:25:00 am,895.4529,910.5,
09/24/2024 7:30:00 am,896.9412,910.5,
09/24/2024 7:35:00 am,896.2137,910.5,
09/24/2024 7:40:00 am,897.7767375000001,910.5,
09/24/2024 7:45:00 am,896.505975,910.5,
09/24/2024 7:50:00 am,899.55825,910.5,
09/24/2024 7:55:00 am,897.7055625,910.5,34.48821
09/24/2024 8:00:00 am,895.2036,910.5,34.48821
09/24/2024 8:05:00 am,896.9955749999999,910.5,
09/24/2024 8:10:00 am,894.9321,910.5,
09/24/2024 8:15:00 am,896.2454625,910.5,
09/24/2024 8:20:00 am,896.9846249999999,910.5,
09/24/2024 8:25:00 am,894.6205499999999,910.5,
09/24/2024 8:30:00 am,894.4254,910.5,
09/24/2024 8:35:00 am,894.6846,910.5,
09/24/2024 8:45:00 am,895.04085,910.5,
09/24/2024 8:50:00 am,897.7525125,910.5,
09/24/2024 8:55:00 am,901.034325,910.5,34.48821
09/24/2024 9:00:00 am,900.0268500000001,910.5,
09/24/2024 9:05:00 am,897.573825,910.5,34.48821
09/24/2024 9:10:00 am,897.6111000000001,910.5,
09/24/2024 9:15:00 am,892.6939499999999,910.5,
09/24/2024 9:20:00 am,891.5745000000001,910.5,
09/24/2024 9:25:00 am,891.8342250000001,910.5,
09/24/2024 9:30:00 am,892.4388,910.5,
09/24/2024 9:35:00 am,895.5890999999999,910.5,
09/24/2024 9:40:00 am,895.48434,910.5,
09/24/2024 9:45:00 am,894.8460499999994,910.5,
09/24/2024 9:50:00 am,892.31835,910.5,
09/24/2024 9:55:00 am,891.7245750000001,910.5,34.48821
09/24/2024 10:05:00 am,890.904,910.5,
09/24/2024 10:10:00 am,889.677375,910.5,
09/24/2024 10:15:00 am,889.8609749999999,910.5,
09/24/2024 10:20:00 am,889.5239999999999,910.5,
09/24/2024 10:25:00 am,890.07645,910.5,
09/24/2024 10:30:00 am,890.9173499999999,910.5,
09/24/2024 10:35:00 am,889.6422749999999,910.5,
09/24/2024 10:40:00 am,885.023625,910.5,
09/24/2024 10:45:00 am,885.273825,910.5,
09/24/2024 10:50:00 am,886.4973749999999,910.5,
09/24/2024 10:55:00 am,883.9533749999999,910.5,34.48821
09/24/2024 11:00:00 am,885.30165,910.5,34.48821
09/24/2024 11:05:00 am,893.3969999999999,910.5,
09/24/2024 11:10:00 am,897.7217500000006,910.5,
09/24/2024 11:15:00 am,900.7044499999995,910.5,
09/24/2024 11:20:00 am,905.883525,910.5,
09/24/2024 11:25:00 am,907.0498125,910.5,
09/24/2024 11:30:00 am,905.2947,910.5,
09/24/2024 11:35:00 am,904.590075,910.5,
09/24/2024 11:40:00 am,902.1075499999996,910.5,
09/24/2024 11:45:00 am,898.9649999999999,910.5,
09/24/2024 11:50:00 am,900.6145000000006,910.5,
09/24/2024 11:55:00 am,902.9086000000004,910.5,34.48821
09/24/2024 12:00:00 pm,902.63385,910.5,34.48821
09/24/2024 12:05:00 pm,898.4190000000001,910.5,
09/24/2024 12:10:00 pm,895.69995,910.5,
09/24/2024 12:15:00 pm,894.84645,910.5,
09/24/2024 12:20:00 pm,895.3277249999999,910.5,
09/24/2024 12:25:00 pm,893.51595,910.5,
09/24/2024 12:30:00 pm,895.40715,910.5,
09/24/2024 12:35:00 pm,891.7775250000001,910.5,
09/24/2024 12:40:00 pm,889.0696500000001,910.5,
09/24/2024 12:45:00 pm,889.8203250000001,910.5,
09/24/2024 12:50:00 pm,891.8925,910.5,
09/24/2024 12:55:00 pm,893.0398500000001,910.5,34.48821
09/24/2024 1:00:00 pm,893.0398500000001,910.5,
09/24/2024 1:05:00 pm,,910.5,34.48821
09/24/2024 1:15:00 pm,895.746,910.5,
09/24/2024 1:20:00 pm,897.0162,910.5,
09/24/2024 1:50:00 pm,,910.5,34.48821
09/24/2024 2:00:00 pm,897.3504,910.5,34.48821
09/24/2024 2:30:00 pm,897.3504,910.5,34.48821
09/24/2024 3:00:00 pm,897.3504,910.5,34.48821
09/24/2024 3:30:00 pm,886.2611999999999,910.5,
09/24/2024 3:35:00 pm,888.6394499999999,910.5,
09/24/2024 3:40:00 pm,887.7948,910.5,
09/24/2024 3:45:00 pm,883.3468000000005,910.5,
09/24/2024 3:50:00 pm,879.2999249999999,910.5,
09/24/2024 3:55:00 pm,876.2967000000001,910.5,
09/24/2024 4:00:00 pm,877.6722599999999,910.5,34.48821
09/24/2024 4:05:00 pm,876.09465,910.5,34.48821
09/24/2024 4:10:00 pm,875.19615,910.5,
09/24/2024 4:15:00 pm,873.3240000000001,910.5,
09/24/2024 4:20:00 pm,868.8076000000005,910.5,
09/24/2024 4:25:00 pm,863.7807,910.5,
09/24/2024 4:30:00 pm,859.5793125,910.5,
09/24/2024 4:35:00 pm,856.4202642857144,910.5,
09/24/2024 4:40:00 pm,855.2298,910.5,
09/24/2024 4:45:00 pm,857.2171000000005,910.5,
09/24/2024 4:50:00 pm,858.1469999999999,910.5,
09/24/2024 4:55:00 pm,858.8909500000005,910.5,34.48821
09/24/2024 5:00:00 pm,856.3818499999995,910.5,
09/24/2024 5:05:00 pm,856.5774499999995,910.5,34.48821
09/24/2024 5:10:00 pm,845.45775,910.5,38.13322
09/24/2024 5:15:00 pm,847.4394,910.5,
09/24/2024 5:20:00 pm,846.6871999999994,910.5,
09/24/2024 5:25:00 pm,849.4834500000001,910.5,
09/24/2024 5:30:00 pm,857.2558125,910.5,
09/24/2024 5:35:00 pm,869.0358375,910.5,
09/24/2024 5:40:00 pm,869.9296125000001,910.5,
09/24/2024 5:45:00 pm,869.1588,910.5,
09/24/2024 5:50:00 pm,866.8694250000001,910.5,
09/24/2024 5:55:00 pm,869.4677500000005,910.5,
09/24/2024 6:00:00 pm,870.3797999999999,910.5,40.76137
09/24/2024 6:05:00 pm,869.4283125,910.5,40.76137
09/24/2024 6:10:00 pm,872.02971,910.5,
09/24/2024 6:15:00 pm,872.5643625,910.5,
09/24/2024 6:20:00 pm,874.59498,910.5,
09/24/2024 6:25:00 pm,871.76295,910.5,
09/24/2024 6:30:00 pm,870.5363500000005,910.5,
09/24/2024 6:35:00 pm,868.253475,910.5,
09/24/2024 6:40:00 pm,868.9567249999996,910.5,
09/24/2024 6:45:00 pm,873.1611899999999,910.5,
09/24/2024 6:50:00 pm,874.9567125000001,910.5,
09/24/2024 6:55:00 pm,876.6234000000001,910.5,40.76137
09/24/2024 7:00:00 pm,879.546825,910.5,
09/24/2024 7:05:00 pm,880.6619249999999,910.5,40.76137
09/24/2024 7:10:00 pm,880.9205500000005,910.5,
09/24/2024 7:15:00 pm,872.3496250000005,910.5,
09/24/2024 7:20:00 pm,870.3357,910.5,
09/24/2024 7:25:00 pm,866.821425,910.5,
09/24/2024 7:30:00 pm,867.84525,910.5,
09/24/2024 7:35:00 pm,870.8235,910.5,
09/24/2024 7:40:00 pm,873.919125,910.5,
09/24/2024 7:45:00 pm,870.963921428571,910.5,
09/24/2024 7:50:00 pm,871.1275874999999,910.5,
09/24/2024 7:55:00 pm,870.7257,910.5,
09/24/2024 8:00:00 pm,872.2482,910.5,40.76137
09/24/2024 8:05:00 pm,873.8085,910.5,40.76137
09/24/2024 8:10:00 pm,877.3166249999999,910.5,
09/24/2024 8:15:00 pm,878.0939999999999,910.5,
09/24/2024 8:20:00 pm,879.1448571428565,910.5,
09/24/2024 8:25:00 pm,878.7096499999994,910.5,
09/24/2024 8:30:00 pm,877.0525000000006,910.5,
09/24/2024 8:35:00 pm,874.5958499999999,910.5,
09/24/2024 8:40:00 pm,874.5348499999996,910.5,
09/24/2024 8:45:00 pm,876.0763999999995,910.5,
09/24/2024 8:50:00 pm,877.1753625000001,910.5,
09/24/2024 8:55:00 pm,880.0989250000005,910.5,40.76137
09/24/2024 9:00:00 pm,883.60365,910.5,40.76137
09/24/2024 9:05:00 pm,882.274275,910.5,
09/24/2024 9:10:00 pm,879.47595,910.5,
09/24/2024 9:15:00 pm,875.0067374999999,910.5,
09/24/2024 9:20:00 pm,874.3315200000001,910.5,
09/24/2024 9:25:00 pm,875.9376,910.5,
09/24/2024 9:30:00 pm,877.4319499999996,910.5,
09/24/2024 9:35:00 pm,877.7443874999999,910.5,
09/24/2024 9:40:00 pm,879.7861000000005,910.5,
09/24/2024 9:45:00 pm,878.4473249999999,910.5,
09/24/2024 9:50:00 pm,874.3283625,910.5,
09/24/2024 9:55:00 pm,866.20527,910.5,
09/24/2024 10:00:00 pm,841.3260499999996,910.5,42.0898433333333
09/24/2024 10:05:00 pm,847.4015500000005,910.5,44.62159
09/24/2024 10:10:00 pm,854.1682000000005,910.5,46.0035833333333
09/24/2024 10:15:00 pm,844.25835,910.5,46.76463
09/24/2024 10:20:00 pm,845.2968000000001,910.5,47.27142
09/24/2024 10:25:00 pm,850.116,910.5,47.90338
09/24/2024 10:30:00 pm,846.21423,910.5,48.3722566666667
09/24/2024 10:35:00 pm,853.3166249999999,910.5,
09/24/2024 10:40:00 pm,901.4958857142856,910.5,
09/24/2024 10:45:00 pm,932.226825,910.5,
09/24/2024 10:50:00 pm,954.28965,910.5,
09/24/2024 10:55:00 pm,973.5206500000006,910.5,43.2741466666667
09/24/2024 11:00:00 pm,973.416975,910.5,40.422235
09/24/2024 11:05:00 pm,972.04416,910.5,39.58468
09/24/2024 11:10:00 pm,973.845,910.5,39.12045
09/24/2024 11:15:00 pm,973.67595,910.5,38.35823
09/24/2024 11:20:00 pm,963.419625,910.5,38.09995
09/24/2024 11:25:00 pm,980.661375,910.5,37.84395
09/24/2024 11:30:00 pm,970.132628571429,910.5,37.269165
09/24/2024 11:35:00 pm,962.4562875,910.5,37.07811
09/24/2024 11:40:00 pm,970.83735,910.5,
09/24/2024 11:45:00 pm,972.8254125,910.5,
09/24/2024 11:50:00 pm,975.6018499999996,910.5,
09/24/2024 11:55:00 pm,967.0150999999996,910.5,36.43839
09/25/2024 12:00:00 am,969.1867000000004,910.5,
09/25/2024 12:05:00 am,975.34008,910.5,36.24694
09/25/2024 12:10:00 am,953.5821,910.5,36.05549
09/25/2024 12:15:00 am,955.75431,910.5,
09/25/2024 12:20:00 am,958.2225,910.5,
09/25/2024 12:25:00 am,959.63385,910.5,
09/25/2024 12:30:00 am,961.407675,910.5,
09/25/2024 12:35:00 am,965.8040625,910.5,
09/25/2024 12:40:00 am,972.1122857142856,910.5,
09/25/2024 12:45:00 am,975.72825,910.5,
09/25/2024 12:50:00 am,979.31358,910.5,
09/25/2024 12:55:00 am,978.3042,910.5,
09/25/2024 1:00:00 am,978.0013125,910.5,36.05549
09/25/2024 1:05:00 am,980.5706500000005,910.5,
09/25/2024 1:10:00 am,982.771875,910.5,
09/25/2024 1:15:00 am,967.0503,910.5,35.672746
09/25/2024 1:20:00 am,951.66165,910.5,
09/25/2024 1:25:00 am,949.03143,910.5,
09/25/2024 1:30:00 am,944.7166999999996,910.5,
09/25/2024 1:35:00 am,942.0677500000004,910.5,
09/25/2024 1:40:00 am,943.21641,910.5,
09/25/2024 1:45:00 am,944.2334625,910.5,
09/25/2024 1:50:00 am,945.027621428571,910.5,
09/25/2024 1:55:00 am,944.5285125,910.5,
09/25/2024 2:00:00 am,942.7208625,910.5,35.41951
09/25/2024 2:05:00 am,939.9792,910.5,
09/25/2024 2:10:00 am,938.2149,910.5,
09/25/2024 2:15:00 am,938.76399,910.5,
09/25/2024 2:20:00 am,943.5194625,910.5,
09/25/2024 2:25:00 am,945.1769142857144,910.5,
09/25/2024 2:30:00 am,946.1319,910.5,
09/25/2024 2:35:00 am,947.507025,910.5,
09/25/2024 2:40:00 am,947.45595,910.5,
09/25/2024 2:45:00 am,947.3549500000006,910.5,
09/25/2024 2:50:00 am,945.16824,910.5,
09/25/2024 2:55:00 am,945.3936375,910.5,
09/25/2024 3:00:00 am,947.33571,910.5,
09/25/2024 3:05:00 am,950.3053125,910.5,35.41951
09/25/2024 3:10:00 am,951.53595,910.5,
09/25/2024 3:15:00 am,953.6588357142856,910.5,
09/25/2024 3:20:00 am,953.823375,910.5,
09/25/2024 3:25:00 am,953.77599,910.5,
09/25/2024 3:30:00 am,954.52575,910.5,
09/25/2024 3:35:00 am,960.0502071428566,910.5,
09/25/2024 3:40:00 am,965.198775,910.5,
09/25/2024 3:45:00 am,969.2985,910.5,
09/25/2024 3:50:00 am,971.286321428571,910.5,
09/25/2024 3:55:00 am,970.686525,910.5,
09/25/2024 4:00:00 am,969.7807999999995,910.5,35.41951
09/25/2024 4:05:00 am,969.5401000000004,910.5,35.41951
09/25/2024 4:10:00 am,969.4058142857144,910.5,
09/25/2024 4:15:00 am,969.2049375,910.5,
09/25/2024 4:20:00 am,969.4949625,910.5,
09/25/2024 4:25:00 am,967.7005071428564,910.5,
09/25/2024 4:30:00 am,967.838625,910.5,
09/25/2024 4:35:00 am,969.13971,910.5,
09/25/2024 4:40:00 am,969.4976625,910.5,
09/25/2024 4:45:00 am,968.6897357142856,910.5,
09/25/2024 4:50:00 am,966.4346500000004,910.5,
09/25/2024 4:55:00 am,967.71015,910.5,35.41951
09/25/2024 5:00:00 am,969.30549,910.5,35.41951
09/25/2024 5:05:00 am,969.4614,910.5,
09/25/2024 5:10:00 am,970.791225,910.5,
09/25/2024 5:15:00 am,970.1347875,910.5,
09/25/2024 5:25:00 am,968.6877375,910.5,
09/25/2024 5:30:00 am,971.2179,910.5,
09/25/2024 5:35:00 am,974.64075,910.5,
09/25/2024 5:50:00 am,971.17665,910.5,
09/25/2024 5:55:00 am,970.0470375,910.5,
09/25/2024 6:00:00 am,973.2045499999996,910.5,35.41951
09/25/2024 6:05:00 am,971.3899000000004,910.5,35.41951
09/25/2024 6:10:00 am,972.85755,910.5,
09/25/2024 6:15:00 am,973.340175,910.5,
09/25/2024 6:20:00 am,974.6086125,910.5,
09/25/2024 6:25:00 am,974.48112,910.5,
09/25/2024 6:30:00 am,975.4631500000004,910.5,
09/25/2024 6:35:00 am,976.402125,910.5,
09/25/2024 6:40:00 am,977.1643125,910.5,
09/25/2024 6:45:00 am,974.2610785714288,910.5,
09/25/2024 6:50:00 am,973.312425,910.5,
09/25/2024 6:55:00 am,970.8245625,910.5,
09/25/2024 7:00:00 am,971.8267000000004,910.5,35.41951
09/25/2024 7:05:00 am,971.059575,910.5,35.41951
09/25/2024 7:10:00 am,971.11953,910.5,
09/25/2024 7:15:00 am,968.89875,910.5,
09/25/2024 7:20:00 am,968.0825785714288,910.5,
09/25/2024 7:25:00 am,968.1009,910.5,
09/25/2024 7:30:00 am,971.3965125,910.5,
09/25/2024 7:35:00 am,972.4518375,910.5,
09/25/2024 7:40:00 am,976.264725,910.5,
09/25/2024 7:45:00 am,976.161225,910.5,
09/25/2024 7:50:00 am,975.4566,910.5,
09/25/2024 7:55:00 am,975.7195714285708,910.5,
09/25/2024 8:00:00 am,975.117075,910.5,35.41951
09/25/2024 8:05:00 am,974.0776000000004,910.5,35.41951
09/25/2024 8:10:00 am,972.8650999999996,910.5,
09/25/2024 8:40:00 am,967.2228,910.5,
09/25/2024 8:45:00 am,968.6326000000004,910.5,
09/25/2024 8:50:00 am,968.8881,910.5,
09/25/2024 8:55:00 am,970.3281,910.5,35.41951
09/25/2024 9:00:00 am,971.6243500000004,910.5,
09/25/2024 9:05:00 am,971.77281,910.5,35.41951
09/25/2024 9:10:00 am,965.99202,910.5,
09/25/2024 9:15:00 am,964.1214,910.5,
09/25/2024 9:20:00 am,965.5042999999996,910.5,
09/25/2024 9:25:00 am,966.6327,910.5,
09/25/2024 9:30:00 am,967.6489000000004,910.5,
09/25/2024 9:35:00 am,967.577925,910.5,
09/25/2024 9:40:00 am,963.79875,910.5,
09/25/2024 9:45:00 am,962.3762500000004,910.5,
09/25/2024 9:50:00 am,963.421275,910.5,
09/25/2024 9:55:00 am,960.7906875,910.5,35.41951
09/25/2024 10:00:00 am,964.533375,910.5,
09/25/2024 10:05:00 am,962.1442999999996,910.5,35.41951
09/25/2024 10:10:00 am,960.34371,910.5,
09/25/2024 10:15:00 am,958.2562875,910.5,
09/25/2024 10:20:00 am,965.2197499999996,910.5,
09/25/2024 10:25:00 am,964.50345,910.5,
09/25/2024 10:30:00 am,960.087,910.5,
09/25/2024 10:35:00 am,953.1749625,910.5,
09/25/2024 10:40:00 am,953.27235,910.5,
09/25/2024 10:45:00 am,949.28775,910.5,
09/25/2024 10:50:00 am,951.521175,910.5,
09/25/2024 10:55:00 am,948.6816499999996,910.5,35.41951
09/25/2024 11:00:00 am,943.2031000000004,910.5,
09/25/2024 11:05:00 am,940.8017625,910.5,35.41951
09/25/2024 11:10:00 am,937.4313,910.5,
09/25/2024 11:15:00 am,935.7528,910.5,
09/25/2024 11:20:00 am,932.256825,910.5,
09/25/2024 11:25:00 am,931.088625,910.5,
09/25/2024 11:30:00 am,917.74965,910.5,
09/25/2024 11:35:00 am,919.4778,910.5,
09/25/2024 11:40:00 am,912.27315,910.5,
09/25/2024 11:45:00 am,888.3094874999999,910.5,
09/25/2024 11:50:00 am,866.4312,910.5,
09/25/2024 11:55:00 am,848.361975,910.5,35.41951
09/25/2024 12:00:00 pm,844.97565,910.5,
09/25/2024 12:05:00 pm,853.19085,910.5,42.82473
09/25/2024 12:10:00 pm,851.76765,910.5,43.07882
09/25/2024 12:15:00 pm,850.3132499999999,910.5,
09/25/2024 12:20:00 pm,841.5174750000001,910.5,
09/25/2024 12:25:00 pm,858.80865,910.5,43.71426
09/25/2024 12:30:00 pm,847.847175,910.5,
09/25/2024 12:35:00 pm,850.209825,910.5,43.973305
09/25/2024 12:40:00 pm,864.19155,910.5,
09/25/2024 12:45:00 pm,866.6705999999999,910.5,
09/25/2024 12:50:00 pm,900.23208,910.5,
09/25/2024 12:55:00 pm,920.25042,910.5,
09/25/2024 1:00:00 pm,930.0657,910.5,44.10459
09/25/2024 1:05:00 pm,940.6635499999994,910.5,
09/25/2024 1:10:00 pm,953.331825,910.5,
09/25/2024 1:15:00 pm,962.4907000000004,910.5,
09/25/2024 1:20:00 pm,968.6328,910.5,
09/25/2024 1:25:00 pm,972.7053499999996,910.5,
09/25/2024 1:30:00 pm,983.59935,910.5,38.27363
09/25/2024 1:35:00 pm,955.853325,910.5,37.7649
09/25/2024 1:40:00 pm,963.142125,910.5,
09/25/2024 1:55:00 pm,980.2478625,910.5,
09/25/2024 2:00:00 pm,957.897975,910.5,37.37898
09/25/2024 2:05:00 pm,,910.5,
09/25/2024 2:10:00 pm,923.8605,910.5,
09/25/2024 2:15:00 pm,918.5196,910.5,
09/25/2024 2:45:00 pm,918.5196,910.5,
09/25/2024 3:00:00 pm,918.5196,910.5,37.37898
09/25/2024 3:30:00 pm,918.5196,910.5,37.37898
09/25/2024 4:00:00 pm,918.5196,910.5,37.37898
09/25/2024 4:30:00 pm,918.5196,910.5,
09/25/2024 5:00:00 pm,918.5196,910.5,37.37898
09/25/2024 5:30:00 pm,918.5196,910.5,37.37898
09/25/2024 6:00:00 pm,962.8358500000006,910.5,36.47887
09/25/2024 6:05:00 pm,966.62805,910.5,36.47887
09/25/2024 6:35:00 pm,,910.5,
09/25/2024 7:00:00 pm,966.62805,910.5,36.47887
09/25/2024 7:10:00 pm,912.6585,910.5,35.72014
09/25/2024 7:15:00 pm,913.11675,910.5,
09/25/2024 7:20:00 pm,909.9228,910.5,
09/25/2024 7:25:00 pm,905.845875,910.5,
09/25/2024 7:30:00 pm,904.7841,910.5,
09/25/2024 7:35:00 pm,903.8974999999996,910.5,
09/25/2024 7:40:00 pm,902.0584125,910.5,
09/25/2024 7:45:00 pm,899.1198375,910.5,
09/25/2024 7:50:00 pm,900.3226500000001,910.5,
09/25/2024 7:55:00 pm,903.30195,910.5,
09/25/2024 8:00:00 pm,905.2455,910.5,35.72014
09/25/2024 8:05:00 pm,908.6475,910.5,
09/25/2024 8:10:00 pm,914.39385,910.5,
09/25/2024 8:15:00 pm,920.248125,910.5,
09/25/2024 8:20:00 pm,925.3780000000006,910.5,
09/25/2024 8:25:00 pm,930.0297,910.5,
09/25/2024 8:30:00 pm,934.071675,910.5,
09/25/2024 8:35:00 pm,938.178075,910.5,
09/25/2024 8:40:00 pm,942.2955,910.5,
09/25/2024 8:45:00 pm,947.43648,910.5,
09/25/2024 8:50:00 pm,950.20755,910.5,
09/25/2024 8:55:00 pm,945.2043499999996,910.5,35.72014
09/25/2024 9:00:00 pm,935.020875,910.5,35.72014
09/25/2024 9:05:00 pm,928.97235,910.5,
09/25/2024 9:10:00 pm,918.998625,910.5,
09/25/2024 9:15:00 pm,909.9247999999995,910.5,
09/25/2024 9:20:00 pm,906.0138375,910.5,
09/25/2024 9:25:00 pm,904.9630875,910.5,
09/25/2024 9:30:00 pm,904.5100999999996,910.5,
09/25/2024 9:35:00 pm,906.314175,910.5,
09/25/2024 9:40:00 pm,902.218725,910.5,
09/25/2024 9:45:00 pm,898.853325,910.5,
09/25/2024 9:50:00 pm,902.5060125,910.5,
09/25/2024 9:55:00 pm,902.163225,910.5,
09/25/2024 10:00:00 pm,906.6671500000004,910.5,
09/25/2024 10:05:00 pm,908.4727999999996,910.5,35.72014
09/25/2024 10:10:00 pm,909.311925,910.5,
09/25/2024 10:15:00 pm,911.581125,910.5,
09/25/2024 10:20:00 pm,913.5292125,910.5,
09/25/2024 10:25:00 pm,916.8414,910.5,
09/25/2024 10:30:00 pm,917.9922,910.5,
09/25/2024 10:35:00 pm,918.6658125,910.5,
09/25/2024 10:40:00 pm,917.73165,910.5,
09/25/2024 10:45:00 pm,917.74395,910.5,
09/25/2024 10:50:00 pm,917.2278,910.5,
09/25/2024 10:55:00 pm,919.2001000000004,910.5,
09/25/2024 11:00:00 pm,920.0197875,910.5,35.72014
09/25/2024 11:05:00 pm,924.90345,910.5,
09/25/2024 11:10:00 pm,921.86538,910.5,
09/25/2024 11:15:00 pm,923.242275,910.5,
09/25/2024 11:20:00 pm,924.2631,910.5,
09/25/2024 11:25:00 pm,925.0806,910.5,
09/25/2024 11:30:00 pm,925.8990499999996,910.5,
09/25/2024 11:35:00 pm,927.9517000000004,910.5,
09/25/2024 11:40:00 pm,927.8631,910.5,
09/25/2024 11:45:00 pm,925.09515,910.5,
09/25/2024 11:50:00 pm,925.87365,910.5,
09/26/2024 12:05:00 am,925.3416,910.5,35.72014
09/26/2024 12:30:00 am,921.4878,910.5,
09/26/2024 12:35:00 am,926.40855,910.5,
09/26/2024 12:40:00 am,927.8313,910.5,
09/26/2024 1:00:00 am,927.8313,910.5,
09/26/2024 1:05:00 am,940.55595,910.5,35.72014
09/26/2024 1:10:00 am,947.5150999999996,910.5,
09/26/2024 1:15:00 am,955.4050000000004,910.5,
09/26/2024 1:20:00 am,961.18725,910.5,
09/26/2024 1:25:00 am,964.712175,910.5,
09/26/2024 1:30:00 am,967.8828499999996,910.5,
09/26/2024 1:35:00 am,972.3468,910.5,
09/26/2024 1:40:00 am,973.41405,910.5,
09/26/2024 1:50:00 am,980.574525,910.5,
09/26/2024 1:55:00 am,982.4739,910.5,
09/26/2024 2:00:00 am,932.034225,910.5,35.07919
09/26/2024 2:05:00 am,935.9331375,910.5,35.07919
09/26/2024 2:10:00 am,937.6095499999994,910.5,
09/26/2024 2:15:00 am,938.6663625,910.5,
09/26/2024 2:20:00 am,937.6599214285712,910.5,
09/26/2024 2:25:00 am,936.3425625,910.5,
09/26/2024 2:30:00 am,937.171875,910.5,
09/26/2024 2:35:00 am,937.974225,910.5,
09/26/2024 2:40:00 am,939.86265,910.5,
09/26/2024 2:45:00 am,944.8031625,910.5,
09/26/2024 2:50:00 am,945.27255,910.5,
09/26/2024 2:55:00 am,939.3291,910.5,
09/26/2024 3:00:00 am,928.356975,910.5,35.07919
09/26/2024 3:05:00 am,926.325225,910.5,
09/26/2024 3:10:00 am,926.99865,910.5,
09/26/2024 3:15:00 am,928.55097,910.5,
09/26/2024 3:20:00 am,928.8280125,910.5,
09/26/2024 3:25:00 am,926.6949,910.5,
09/26/2024 3:30:00 am,924.1573071428564,910.5,
09/26/2024 3:35:00 am,922.5456,910.5,
09/26/2024 3:40:00 am,923.381475,910.5,
09/26/2024 3:45:00 am,923.357025,910.5,
09/26/2024 3:50:00 am,923.0585357142857,910.5,
09/26/2024 3:55:00 am,926.0209875,910.5,35.07919
09/26/2024 4:00:00 am,926.38245,910.5,
09/26/2024 4:05:00 am,923.1101625,910.5,35.07919
09/26/2024 4:10:00 am,923.258775,910.5,
09/26/2024 4:15:00 am,923.82705,910.5,
09/26/2024 4:20:00 am,924.5468625,910.5,
09/26/2024 4:25:00 am,923.4556750000004,910.5,
09/26/2024 4:30:00 am,922.724625,910.5,
09/26/2024 4:35:00 am,924.12225,910.5,
09/26/2024 4:40:00 am,925.4039749999996,910.5,
09/26/2024 4:45:00 am,928.937775,910.5,
09/26/2024 4:50:00 am,927.3390499999996,910.5,
09/26/2024 4:55:00 am,925.2404625,910.5,
09/26/2024 5:00:00 am,924.13647,910.5,35.07919
09/26/2024 5:05:00 am,922.29213,910.5,35.07919
09/26/2024 5:10:00 am,922.9464,910.5,
09/26/2024 5:15:00 am,924.14124,910.5,
09/26/2024 5:20:00 am,923.458875,910.5,
09/26/2024 5:25:00 am,923.1433000000004,910.5,
09/26/2024 5:30:00 am,923.2594125,910.5,
09/26/2024 5:35:00 am,922.4715,910.5,
09/26/2024 5:40:00 am,921.99783,910.5,
09/26/2024 5:45:00 am,921.5894625,910.5,
09/26/2024 5:50:00 am,923.62608,910.5,
09/26/2024 5:55:00 am,922.6183999999996,910.5,35.07919
09/26/2024 6:00:00 am,919.0551,910.5,35.07919
09/26/2024 6:05:00 am,917.1325999999996,910.5,
09/26/2024 6:15:00 am,917.8839,910.5,
09/26/2024 6:20:00 am,918.9757999999996,910.5,
09/26/2024 6:25:00 am,914.661,910.5,
09/26/2024 6:30:00 am,916.4866875,910.5,
09/26/2024 6:35:00 am,917.27775,910.5,
09/26/2024 6:40:00 am,917.73675,910.5,
09/26/2024 6:45:00 am,917.610225,910.5,
09/26/2024 6:50:00 am,916.60116,910.5,
09/26/2024 6:55:00 am,914.17665,910.5,
09/26/2024 7:00:00 am,914.52735,910.5,35.07919
09/26/2024 7:05:00 am,917.3557125,910.5,35.07919
09/26/2024 7:10:00 am,920.4010999999996,910.5,
09/26/2024 7:25:00 am,917.45985,910.5,
09/26/2024 7:30:00 am,919.1958,910.5,
09/26/2024 7:35:00 am,921.140892857142,910.5,
09/26/2024 7:40:00 am,922.968375,910.5,
09/26/2024 7:45:00 am,923.1895125,910.5,
09/26/2024 7:50:00 am,921.3370125,910.5,
09/26/2024 7:55:00 am,,910.5,35.07919
09/26/2024 8:00:00 am,921.79995,910.5,
09/26/2024 8:05:00 am,,910.5,35.07919
09/26/2024 8:30:00 am,921.79995,910.5,35.07919
09/26/2024 9:00:00 am,921.79995,910.5,35.07919
09/26/2024 10:00:00 am,921.79995,910.5,35.07919
09/26/2024 10:30:00 am,921.79995,910.5,
09/26/2024 11:00:00 am,903.7512,910.5,35.07919
09/26/2024 11:05:00 am,906.76515,910.5,
09/26/2024 11:10:00 am,907.984275,910.5,
09/26/2024 11:15:00 am,909.5529,910.5,
09/26/2024 11:20:00 am,899.33979,910.5,
09/26/2024 11:25:00 am,890.55285,910.5,
09/26/2024 11:30:00 am,886.6940625,910.5,
09/26/2024 11:35:00 am,881.7161500000004,910.5,
09/26/2024 11:40:00 am,879.1627125,910.5,
09/26/2024 11:45:00 am,876.3710625000001,910.5,
09/26/2024 11:50:00 am,874.0734,910.5,
09/26/2024 11:55:00 am,873.0172125,910.5,
09/26/2024 12:00:00 pm,872.7313875,910.5,35.07919
09/26/2024 12:05:00 pm,,910.5,
09/26/2024 1:00:00 pm,872.8518,910.5,35.07919
09/26/2024 1:30:00 pm,855.55695,910.5,41.20501
09/26/2024 1:35:00 pm,851.21235,910.5,
09/26/2024 1:40:00 pm,848.763825,910.5,
09/26/2024 1:45:00 pm,848.9258699999999,910.5,
09/26/2024 1:50:00 pm,846.276075,910.5,
09/26/2024 1:55:00 pm,846.6417000000001,910.5,41.20501
09/26/2024 2:00:00 pm,845.488275,910.5,
09/26/2024 2:05:00 pm,843.47805,910.5,41.20501
09/26/2024 2:10:00 pm,855.0017500000006,910.5,41.5873
09/26/2024 2:15:00 pm,851.5876499999999,910.5,
09/26/2024 2:20:00 pm,853.78896,910.5,
09/26/2024 2:25:00 pm,848.7811875,910.5,
09/26/2024 2:30:00 pm,839.53383,910.5,
09/26/2024 2:35:00 pm,840.506025,910.5,41.71597
09/26/2024 2:40:00 pm,842.189625,910.5,
09/26/2024 2:45:00 pm,840.16203,910.5,
09/26/2024 2:50:00 pm,838.2914625000001,910.5,41.915575
09/26/2024 2:55:00 pm,838.40475,910.5,41.97929
09/26/2024 3:00:00 pm,853.1941999999996,910.5,42.043125
09/26/2024 3:05:00 pm,864.0923624999999,910.5,42.10696
09/26/2024 3:10:00 pm,865.8927,910.5,
09/26/2024 3:15:00 pm,869.6307750000001,910.5,
09/26/2024 3:30:00 pm,882.1581000000001,910.5,
09/26/2024 3:40:00 pm,881.5785000000001,910.5,
09/26/2024 3:45:00 pm,880.833,910.5,
09/26/2024 3:50:00 pm,881.854875,910.5,
09/26/2024 3:55:00 pm,880.867425,910.5,
09/26/2024 4:00:00 pm,882.2613000000001,910.5,42.10696
09/26/2024 4:05:00 pm,886.6974375,910.5,42.10696
09/26/2024 4:10:00 pm,889.5681,910.5,
09/26/2024 4:25:00 pm,884.990025,910.5,
09/26/2024 4:30:00 pm,885.5710000000006,910.5,
09/26/2024 4:40:00 pm,891.81525,910.5,
09/26/2024 5:00:00 pm,891.8995000000004,910.5,42.10696
09/26/2024 5:05:00 pm,893.0738099999999,910.5,
09/26/2024 5:15:00 pm,892.27995,910.5,
09/26/2024 5:20:00 pm,894.7735500000001,910.5,
09/26/2024 5:25:00 pm,893.9909250000001,910.5,
09/26/2024 5:30:00 pm,891.7739500000006,910.5,
09/26/2024 5:35:00 pm,895.3582125,910.5,
09/26/2024 5:40:00 pm,909.6217999999994,910.5,
09/26/2024 5:45:00 pm,928.70865,910.5,
09/26/2024 5:50:00 pm,944.568075,910.5,
09/26/2024 5:55:00 pm,956.9262,910.5,
09/26/2024 6:00:00 pm,968.19375,910.5,42.10696
09/26/2024 6:05:00 pm,974.39205,910.5,42.10696
09/26/2024 6:10:00 pm,974.123475,910.5,
09/26/2024 6:15:00 pm,973.04766,910.5,
09/26/2024 6:20:00 pm,977.4279,910.5,
09/26/2024 6:25:00 pm,984.30855,910.5,41.72485
09/26/2024 6:30:00 pm,961.762875,910.5,35.88319
09/26/2024 6:35:00 pm,965.165775,910.5,
09/26/2024 6:40:00 pm,964.2915,910.5,
09/26/2024 6:45:00 pm,965.908425,910.5,
09/26/2024 6:50:00 pm,965.0614000000004,910.5,
09/26/2024 6:55:00 pm,964.888125,910.5,35.88319
09/26/2024 7:00:00 pm,963.124125,910.5,
09/26/2024 7:05:00 pm,964.535925,910.5,35.88319
09/26/2024 7:10:00 pm,966.124725,910.5,
09/26/2024 7:15:00 pm,964.1070375,910.5,
09/26/2024 7:20:00 pm,965.65395,910.5,
09/26/2024 7:25:00 pm,967.3575,910.5,
09/26/2024 7:30:00 pm,967.6224,910.5,
09/26/2024 7:35:00 pm,972.417825,910.5,
09/26/2024 7:40:00 pm,967.0482375,910.5,35.63108
09/26/2024 7:45:00 pm,954.2940499999996,910.5,
09/26/2024 7:50:00 pm,956.9658,910.5,
09/26/2024 7:55:00 pm,957.7011,910.5,
09/26/2024 8:00:00 pm,960.3047500000004,910.5,35.63108
09/26/2024 8:05:00 pm,961.584375,910.5,
09/26/2024 8:10:00 pm,963.6531,910.5,
09/26/2024 8:15:00 pm,959.518875,910.5,
09/26/2024 8:20:00 pm,958.890225,910.5,
09/26/2024 8:25:00 pm,958.98105,910.5,
09/26/2024 8:30:00 pm,957.825225,910.5,
09/26/2024 8:35:00 pm,957.5525500000006,910.5,
09/26/2024 8:40:00 pm,959.56455,910.5,
09/26/2024 8:45:00 pm,962.504325,910.5,
09/26/2024 8:50:00 pm,963.9202125,910.5,
09/26/2024 8:55:00 pm,966.1584,910.5,
09/26/2024 9:00:00 pm,969.33195,910.5,35.63108
09/26/2024 9:05:00 pm,973.4747625,910.5,35.63108
09/26/2024 9:10:00 pm,975.37485,910.5,
09/26/2024 9:15:00 pm,976.8867,910.5,
09/26/2024 9:20:00 pm,974.458125,910.5,
09/26/2024 9:25:00 pm,975.0324375,910.5,
09/26/2024 9:30:00 pm,974.06835,910.5,
09/26/2024 9:35:00 pm,972.577875,910.5,
09/26/2024 9:40:00 pm,966.7334625,910.5,
09/26/2024 9:45:00 pm,963.272925,910.5,
09/26/2024 9:50:00 pm,963.0161500000004,910.5,
09/26/2024 9:55:00 pm,960.8887999999996,910.5,
09/26/2024 10:00:00 pm,960.7866,910.5,35.63108
09/26/2024 10:05:00 pm,962.897175,910.5,
09/26/2024 10:10:00 pm,963.8013,910.5,
09/26/2024 10:15:00 pm,963.33315,910.5,
09/26/2024 10:20:00 pm,963.17325,910.5,
09/26/2024 10:25:00 pm,960.6137500000006,910.5,
09/26/2024 10:30:00 pm,960.2043,910.5,
09/26/2024 10:35:00 pm,965.4073999999994,910.5,
09/26/2024 10:40:00 pm,966.7593,910.5,
09/26/2024 10:45:00 pm,966.67065,910.5,
09/26/2024 10:50:00 pm,957.8034375,910.5,
09/26/2024 10:55:00 pm,948.656175,910.5,
09/26/2024 11:00:00 pm,939.587025,910.5,35.63108
09/26/2024 11:05:00 pm,940.412925,910.5,
09/26/2024 11:10:00 pm,940.6481500000004,910.5,
09/26/2024 11:15:00 pm,940.798575,910.5,
09/26/2024 11:20:00 pm,940.770075,910.5,
09/26/2024 11:25:00 pm,939.8328,910.5,
09/26/2024 11:30:00 pm,945.869475,910.5,
09/26/2024 11:35:00 pm,945.52035,910.5,
09/26/2024 11:40:00 pm,945.3448000000004,910.5,
09/26/2024 11:45:00 pm,944.7220000000004,910.5,
09/26/2024 11:50:00 pm,941.7258,910.5,
09/26/2024 11:55:00 pm,941.11875,910.5,
09/27/2024 12:00:00 am,944.0134125,910.5,
09/27/2024 12:05:00 am,946.503525,910.5,35.63108
09/27/2024 12:10:00 am,949.6863,910.5,
09/27/2024 12:15:00 am,950.75835,910.5,
09/27/2024 12:20:00 am,948.3975499999996,910.5,
09/27/2024 12:25:00 am,947.578725,910.5,
09/27/2024 12:30:00 am,948.978,910.5,
09/27/2024 12:35:00 am,948.9752571428564,910.5,
09/27/2024 12:40:00 am,950.818125,910.5,
09/27/2024 12:45:00 am,949.2978,910.5,
09/27/2024 12:50:00 am,945.4985500000004,910.5,
09/27/2024 12:55:00 am,946.8691999999994,910.5,
09/27/2024 1:00:00 am,946.85085,910.5,
09/27/2024 1:05:00 am,943.852125,910.5,35.63108
09/27/2024 1:10:00 am,941.5717750000006,910.5,
09/27/2024 1:15:00 am,941.4973000000005,910.5,
09/27/2024 1:20:00 am,941.69295,910.5,
09/27/2024 1:25:00 am,943.68465,910.5,
09/27/2024 1:30:00 am,945.433275,910.5,
09/27/2024 1:35:00 am,942.9984,910.5,
09/27/2024 1:40:00 am,941.50485,910.5,
09/27/2024 1:45:00 am,942.5353750000004,910.5,
09/27/2024 1:50:00 am,941.327925,910.5,
09/27/2024 1:55:00 am,943.9497,910.5,
09/27/2024 2:00:00 am,941.9583,910.5,
09/27/2024 2:05:00 am,940.1268,910.5,35.63108
09/27/2024 2:10:00 am,938.56872,910.5,
09/27/2024 2:15:00 am,938.44185,910.5,
09/27/2024 2:20:00 am,937.5129,910.5,
09/27/2024 2:25:00 am,938.62845,910.5,
09/27/2024 2:30:00 am,939.25875,910.5,
09/27/2024 2:35:00 am,937.22637,910.5,
09/27/2024 2:40:00 am,936.46605,910.5,
09/27/2024 2:45:00 am,938.9553,910.5,
09/27/2024 2:50:00 am,940.679625,910.5,
09/27/2024 2:55:00 am,939.64275,910.5,
09/27/2024 3:00:00 am,938.80485,910.5,35.63108
09/27/2024 3:05:00 am,936.511425,910.5,
09/27/2024 3:10:00 am,930.8074999999994,910.5,
09/27/2024 3:15:00 am,925.707075,910.5,
09/27/2024 3:20:00 am,930.41691,910.5,
09/27/2024 3:25:00 am,933.44655,910.5,
09/27/2024 3:30:00 am,939.9170500000004,910.5,
09/27/2024 3:35:00 am,943.9101499999996,910.5,
09/27/2024 3:40:00 am,944.90505,910.5,
09/27/2024 3:45:00 am,942.0832071428564,910.5,
09/27/2024 3:50:00 am,940.4579625,910.5,
09/27/2024 3:55:00 am,937.6824499999994,910.5,35.63108
09/27/2024 4:00:00 am,938.0439,910.5,
09/27/2024 4:05:00 am,938.1899625,910.5,35.63108
09/27/2024 4:10:00 am,938.17236,910.5,
09/27/2024 4:15:00 am,938.7629625,910.5,
09/27/2024 4:20:00 am,942.5425285714288,910.5,
09/27/2024 4:25:00 am,947.5218,910.5,
09/27/2024 4:30:00 am,945.69585,910.5,
09/27/2024 4:35:00 am,941.1688999999994,910.5,
09/27/2024 4:40:00 am,939.2384500000004,910.5,
09/27/2024 4:45:00 am,937.14684,910.5,
09/27/2024 4:50:00 am,937.1962875,910.5,
09/27/2024 4:55:00 am,939.2126142857144,910.5,35.63108
09/27/2024 5:00:00 am,938.01765,910.5,35.63108
09/27/2024 5:05:00 am,937.67445,910.5,
09/27/2024 5:25:00 am,940.10979,910.5,
09/27/2024 5:30:00 am,938.155425,910.5,
09/27/2024 6:00:00 am,937.68795,910.5,35.63108
09/27/2024 6:05:00 am,937.68795,910.5,35.63108
09/27/2024 6:30:00 am,946.63305,910.5,
09/27/2024 6:35:00 am,946.9120875,910.5,
09/27/2024 6:40:00 am,946.5073999999996,910.5,
09/27/2024 6:45:00 am,947.28018,910.5,
09/27/2024 6:50:00 am,946.6840875,910.5,
09/27/2024 6:55:00 am,946.7346428571436,910.5,35.63108
09/27/2024 7:00:00 am,944.9074000000004,910.5,
09/27/2024 7:05:00 am,943.9578,910.5,35.63108
09/27/2024 7:10:00 am,944.9049499999996,910.5,
09/27/2024 7:15:00 am,943.4306500000004,910.5,
09/27/2024 7:20:00 am,941.7010875,910.5,
09/27/2024 7:25:00 am,941.040525,910.5,
09/27/2024 7:30:00 am,940.9010357142856,910.5,
09/27/2024 7:35:00 am,943.13985,910.5,
09/27/2024 7:45:00 am,941.801925,910.5,
09/27/2024 7:50:00 am,940.9616500000004,910.5,
09/27/2024 7:55:00 am,936.314025,910.5,
09/27/2024 8:00:00 am,936.42045,910.5,35.63108
09/27/2024 8:05:00 am,,910.5,
09/27/2024 8:10:00 am,936.8298,910.5,
09/27/2024 8:15:00 am,936.6939,910.5,
09/27/2024 8:20:00 am,941.06355,910.5,
09/27/2024 8:25:00 am,939.7849750000004,910.5,
09/27/2024 8:30:00 am,935.90694,910.5,
09/27/2024 8:35:00 am,931.8885,910.5,
09/27/2024 8:40:00 am,931.50276,910.5,
09/27/2024 8:55:00 am,,910.5,35.63108
09/27/2024 9:00:00 am,931.85775,910.5,35.63108
09/27/2024 9:05:00 am,931.85775,910.5,
09/27/2024 9:30:00 am,931.85775,910.5,
09/27/2024 10:00:00 am,931.85775,910.5,35.63108
09/27/2024 10:30:00 am,931.85775,910.5,35.63108
09/27/2024 11:00:00 am,931.85775,910.5,35.63108
09/27/2024 11:30:00 am,,910.5,35.63108
09/27/2024 12:00:00 pm,835.6571999999999,910.5,72.60127
09/27/2024 12:05:00 pm,762.3949000000005,910.5,99.19072
09/27/2024 12:10:00 pm,285.44032750000054,910.5,
09/27/2024 12:15:00 pm,30.43186000000005,910.5,
09/27/2024 12:20:00 pm,0.0,910.5,
09/27/2024 12:25:00 pm,127.132065,910.5,
09/27/2024 12:30:00 pm,39.62290000000005,910.5,
09/27/2024 12:55:00 pm,0.0,910.5,
09/27/2024 1:00:00 pm,0.0,910.5,100.0
09/27/2024 2:00:00 pm,0.0,910.5,100.0
09/27/2024 2:05:00 pm,0.0,910.5,100.0
09/27/2024 3:00:00 pm,0.0,910.5,100.0
09/27/2024 3:30:00 pm,0.0,910.5,
09/27/2024 4:00:00 pm,0.0,910.5,100.0
09/27/2024 4:30:00 pm,0.0,910.5,100.0
09/27/2024 5:00:00 pm,0.0,910.5,100.0
09/27/2024 5:10:00 pm,889.038,910.5,35.86718
09/27/2024 5:15:00 pm,888.501975,910.5,35.86718
09/27/2024 5:20:00 pm,885.5959499999999,910.5,
09/27/2024 5:25:00 pm,884.7426375,910.5,
09/27/2024 5:30:00 pm,889.8558,910.5,
09/27/2024 5:35:00 pm,900.4077,910.5,
09/27/2024 5:40:00 pm,904.5337125,910.5,
09/27/2024 5:45:00 pm,902.65617,910.5,
09/27/2024 5:50:00 pm,899.031825,910.5,
09/27/2024 5:55:00 pm,895.545,910.5,35.86718
09/27/2024 6:00:00 pm,899.1253875,910.5,
09/27/2024 6:05:00 pm,905.0489500000004,910.5,35.86718
09/27/2024 6:10:00 pm,905.4658928571434,910.5,
09/27/2024 6:15:00 pm,902.9509875,910.5,
09/27/2024 6:20:00 pm,903.16245,910.5,
09/27/2024 6:25:00 pm,899.9752500000001,910.5,
09/27/2024 6:30:00 pm,905.41203,910.5,
09/27/2024 6:35:00 pm,907.760475,910.5,
09/27/2024 6:40:00 pm,905.4714375,910.5,
09/27/2024 6:45:00 pm,904.163078571429,910.5,
09/27/2024 6:50:00 pm,900.1144125000001,910.5,
09/27/2024 6:55:00 pm,899.8811500000004,910.5,
09/27/2024 7:00:00 pm,903.521925,910.5,35.86718
09/27/2024 7:05:00 pm,909.4478625,910.5,35.86718
09/27/2024 7:10:00 pm,909.22239,910.5,
09/27/2024 7:15:00 pm,909.2167125,910.5,
09/27/2024 7:20:00 pm,911.4331714285712,910.5,
09/27/2024 7:25:00 pm,909.999375,910.5,
09/27/2024 7:30:00 pm,911.86545,910.5,
09/27/2024 7:35:00 pm,918.82605,910.5,
09/27/2024 7:40:00 pm,918.0555499999996,910.5,
09/27/2024 7:45:00 pm,917.1338500000004,910.5,
09/27/2024 7:50:00 pm,918.80235,910.5,
09/27/2024 7:55:00 pm,919.27155,910.5,
09/27/2024 8:00:00 pm,921.669,910.5,35.86718
09/27/2024 8:05:00 pm,927.630075,910.5,
09/27/2024 8:10:00 pm,928.8687499999996,910.5,
09/27/2024 8:15:00 pm,924.9246,910.5,
09/27/2024 8:20:00 pm,923.784,910.5,
09/27/2024 8:25:00 pm,923.7605500000004,910.5,
09/27/2024 8:30:00 pm,922.7888571428564,910.5,
09/27/2024 8:35:00 pm,926.4545500000004,910.5,
09/27/2024 8:40:00 pm,932.92875,910.5,
09/27/2024 8:45:00 pm,930.8059875,910.5,
09/27/2024 8:50:00 pm,923.5308,910.5,
09/27/2024 8:55:00 pm,922.9945000000004,910.5,35.86718
09/27/2024 9:00:00 pm,925.5087499999996,910.5,
09/27/2024 9:05:00 pm,923.075678571429,910.5,35.86718
09/27/2024 9:10:00 pm,931.544175,910.5,
09/27/2024 9:15:00 pm,937.4481,910.5,
09/27/2024 9:20:00 pm,933.3484000000004,910.5,
09/27/2024 9:25:00 pm,924.93495,910.5,
09/27/2024 9:30:00 pm,924.03165,910.5,
09/27/2024 9:35:00 pm,922.336125,910.5,
09/27/2024 9:40:00 pm,922.3269,910.5,
09/27/2024 9:45:00 pm,939.321525,910.5,
09/27/2024 9:50:00 pm,946.093575,910.5,
09/27/2024 9:55:00 pm,934.46355,910.5,
09/27/2024 10:00:00 pm,926.495625,910.5,35.86718
09/27/2024 10:05:00 pm,921.3816,910.5,
09/27/2024 10:10:00 pm,918.10905,910.5,
09/27/2024 10:15:00 pm,922.64115,910.5,
09/27/2024 10:20:00 pm,943.175925,910.5,
09/27/2024 10:25:00 pm,946.30125,910.5,
09/27/2024 10:30:00 pm,928.7048500000004,910.5,
09/27/2024 10:40:00 pm,910.50315,910.5,
09/27/2024 10:45:00 pm,912.4158,910.5,
09/27/2024 10:50:00 pm,915.79728,910.5,
09/27/2024 10:55:00 pm,921.31455,910.5,
09/27/2024 11:00:00 pm,,910.5,
09/27/2024 11:05:00 pm,921.31455,910.5,35.86718
09/27/2024 11:25:00 pm,914.2003125,910.5,
09/27/2024 11:30:00 pm,937.2237,910.5,
09/27/2024 11:35:00 pm,945.24075,910.5,
09/27/2024 11:40:00 pm,940.8828,910.5,
09/28/2024 12:00:00 am,940.8828,910.5,35.86718
09/28/2024 12:15:00 am,932.4009,910.5,
09/28/2024 12:20:00 am,925.476525,910.5,
09/28/2024 12:45:00 am,944.1738,910.5,
09/28/2024 12:50:00 am,933.5632000000004,910.5,
09/28/2024 12:55:00 am,924.4587,910.5,
09/28/2024 1:00:00 am,,910.5,35.86718
09/28/2024 1:05:00 am,923.45361,910.5,
09/28/2024 1:10:00 am,926.168925,910.5,
09/28/2024 1:15:00 am,941.0002875,910.5,
09/28/2024 1:20:00 am,955.8972,910.5,
09/28/2024 1:25:00 am,941.49015,910.5,
09/28/2024 1:30:00 am,931.1316499999996,910.5,
09/28/2024 1:35:00 am,924.836175,910.5,
09/28/2024 1:40:00 am,925.9439785714288,910.5,
09/28/2024 1:45:00 am,927.1339125,910.5,
09/28/2024 1:50:00 am,941.7407625,910.5,
09/28/2024 1:55:00 am,957.28425,910.5,
09/28/2024 2:00:00 am,946.0627125,910.5,35.86718
09/28/2024 2:05:00 am,930.416175,910.5,
09/28/2024 2:10:00 am,928.6285125,910.5,
09/28/2024 2:15:00 am,926.0375571428564,910.5,
09/28/2024 2:20:00 am,931.5550125,910.5,
09/28/2024 2:25:00 am,952.72137,910.5,
09/28/2024 2:30:00 am,957.83325,910.5,
09/28/2024 2:35:00 am,937.544625,910.5,
09/28/2024 2:40:00 am,929.3562,910.5,
09/28/2024 2:45:00 am,926.9968125,910.5,
09/28/2024 2:50:00 am,929.3517,910.5,
09/28/2024 2:55:00 am,943.951575,910.5,
09/28/2024 3:00:00 am,960.116925,910.5,
09/28/2024 3:05:00 am,951.6204499999994,910.5,35.86718
09/28/2024 3:10:00 am,932.7116749999994,910.5,
09/28/2024 3:15:00 am,925.4536999999996,910.5,
09/28/2024 3:20:00 am,928.0716375,910.5,
09/28/2024 3:25:00 am,935.7732,910.5,
09/28/2024 3:30:00 am,952.9270125,910.5,
09/28/2024 3:35:00 am,962.70135,910.5,
09/28/2024 3:40:00 am,950.99523,910.5,
09/28/2024 3:45:00 am,936.1297000000004,910.5,
09/28/2024 3:50:00 am,929.95482,910.5,
09/28/2024 3:55:00 am,929.760825,910.5,
09/28/2024 4:00:00 am,934.9693000000004,910.5,35.86718
09/28/2024 4:05:00 am,962.9081500000004,910.5,
09/28/2024 4:10:00 am,963.18525,910.5,
09/28/2024 4:15:00 am,945.745928571429,910.5,
09/28/2024 4:20:00 am,934.330725,910.5,
09/28/2024 4:25:00 am,934.01394,910.5,
09/28/2024 4:30:00 am,931.9337625,910.5,
09/28/2024 4:35:00 am,939.084878571429,910.5,
09/28/2024 4:40:00 am,965.276025,910.5,
09/28/2024 4:45:00 am,963.9332625,910.5,
09/28/2024 4:50:00 am,943.9823357142856,910.5,
09/28/2024 4:55:00 am,933.9801,910.5,
09/28/2024 5:00:00 am,932.6149125,910.5,35.86718
09/28/2024 5:05:00 am,936.4095375,910.5,
09/28/2024 5:10:00 am,953.2849999999994,910.5,
09/28/2024 5:15:00 am,945.6991875,910.5,34.97528
09/28/2024 5:20:00 am,931.0810125,910.5,
09/28/2024 5:25:00 am,922.0788250000004,910.5,
09/28/2024 5:30:00 am,915.4549999999996,910.5,
09/28/2024 5:35:00 am,918.2313,910.5,
09/28/2024 5:40:00 am,921.3214875,910.5,
09/28/2024 5:45:00 am,933.1171999999996,910.5,
09/28/2024 5:50:00 am,945.37713,910.5,
09/28/2024 5:55:00 am,932.1626625,910.5,
09/28/2024 6:00:00 am,919.677675,910.5,34.97528
09/28/2024 6:05:00 am,914.5450999999996,910.5,
09/28/2024 6:10:00 am,915.77556,910.5,
09/28/2024 6:15:00 am,920.0022,910.5,
09/28/2024 6:20:00 am,934.650021428571,910.5,
09/28/2024 6:25:00 am,937.7377875,910.5,
09/28/2024 6:30:00 am,926.4297,910.5,
09/28/2024 6:35:00 am,917.2763500000004,910.5,
09/28/2024 6:40:00 am,916.07055,910.5,
09/28/2024 6:45:00 am,918.13905,910.5,
09/28/2024 6:50:00 am,921.7255125,910.5,
09/28/2024 6:55:00 am,941.6269000000004,910.5,34.97528
09/28/2024 7:00:00 am,943.461525,910.5,
09/28/2024 7:05:00 am,933.09975,910.5,34.97528
09/28/2024 7:10:00 am,924.7547500000004,910.5,
09/28/2024 7:15:00 am,921.041625,910.5,
09/28/2024 7:20:00 am,921.1678000000004,910.5,
09/28/2024 7:25:00 am,923.55258,910.5,
09/28/2024 7:30:00 am,943.356075,910.5,
09/28/2024 7:35:00 am,944.4138,910.5,
09/28/2024 7:40:00 am,931.159725,910.5,
09/28/2024 7:45:00 am,926.0958499999996,910.5,
09/28/2024 7:50:00 am,924.426675,910.5,
09/28/2024 7:55:00 am,927.38475,910.5,
09/28/2024 8:00:00 am,939.48018,910.5,34.97528
09/28/2024 8:05:00 am,958.1367375,910.5,
09/28/2024 8:10:00 am,942.2829499999996,910.5,
09/28/2024 8:15:00 am,930.231225,910.5,
09/28/2024 8:20:00 am,926.0275000000006,910.5,
09/28/2024 8:25:00 am,926.025225,910.5,
09/28/2024 8:30:00 am,931.529025,910.5,
09/28/2024 8:35:00 am,946.86255,910.5,
09/28/2024 8:40:00 am,956.612325,910.5,
09/28/2024 8:45:00 am,942.80409,910.5,
09/28/2024 8:50:00 am,930.772275,910.5,
09/28/2024 8:55:00 am,925.8421000000004,910.5,
09/28/2024 9:00:00 am,925.003125,910.5,34.97528
09/28/2024 9:05:00 am,929.12445,910.5,
09/28/2024 9:10:00 am,926.9934499999996,874.5,34.46729
09/28/2024 9:15:00 am,905.405625,910.5,
09/28/2024 9:20:00 am,890.72832,910.5,
09/28/2024 9:25:00 am,881.344425,910.5,
09/28/2024 9:30:00 am,883.4541499999995,910.5,
09/28/2024 9:35:00 am,887.7327,910.5,
09/28/2024 9:40:00 am,892.9114500000001,910.5,
09/28/2024 9:45:00 am,903.3832875,910.5,
09/28/2024 9:50:00 am,892.0851,910.5,
09/28/2024 9:55:00 am,883.7449125,874.5,34.46729
09/28/2024 10:00:00 am,877.970775,874.5,34.46729
09/28/2024 10:05:00 am,875.9017999999994,910.5,
09/28/2024 10:10:00 am,877.8096,910.5,
09/28/2024 10:40:00 am,,874.5,34.46729
09/28/2024 11:00:00 am,877.8096,874.5,34.46729
09/28/2024 11:30:00 am,877.8096,910.5,34.46729
09/28/2024 12:00:00 pm,877.8096,874.5,34.46729
09/28/2024 12:30:00 pm,844.9440750000001,910.5,
09/28/2024 12:35:00 pm,847.643175,910.5,
09/28/2024 12:40:00 pm,858.7078999999995,910.5,
09/28/2024 12:55:00 pm,809.7022714285711,874.5,39.8025466666667
09/28/2024 1:00:00 pm,816.8986500000001,874.5,40.69341
09/28/2024 1:05:00 pm,807.842625,910.5,
09/28/2024 1:10:00 pm,805.0889999999999,910.5,40.83013
09/28/2024 1:15:00 pm,819.6110249999999,910.5,
09/28/2024 1:20:00 pm,812.1898999999994,910.5,
09/28/2024 1:25:00 pm,815.708775,910.5,41.08503
09/28/2024 1:30:00 pm,814.4247857142855,910.5,41.5146866666667
09/28/2024 1:35:00 pm,819.6330375,910.5,
09/28/2024 1:40:00 pm,815.8792999999995,910.5,
09/28/2024 1:45:00 pm,816.4310249999999,910.5,
09/28/2024 1:50:00 pm,823.96605,910.5,
09/28/2024 1:55:00 pm,838.0333999999996,874.5,41.59952
09/28/2024 2:00:00 pm,819.5617000000004,910.5,
09/28/2024 2:05:00 pm,806.9407000000006,874.5,41.59952
09/28/2024 2:15:00 pm,818.4394999999995,910.5,42.24229
09/28/2024 2:20:00 pm,823.067175,910.5,
09/28/2024 2:25:00 pm,830.3893499999999,910.5,
09/28/2024 2:30:00 pm,861.3723749999999,910.5,
09/28/2024 2:35:00 pm,861.8480999999999,910.5,
09/28/2024 2:40:00 pm,846.4202571428564,910.5,
09/28/2024 2:45:00 pm,841.0567500000001,910.5,
09/28/2024 2:55:00 pm,853.2096750000001,910.5,
09/28/2024 3:00:00 pm,854.97615,874.5,42.24229
09/28/2024 3:05:00 pm,854.97615,910.5,
09/28/2024 3:15:00 pm,866.22345,910.5,
09/28/2024 3:35:00 pm,863.7692999999999,910.5,
09/28/2024 3:40:00 pm,879.85509,910.5,
09/28/2024 3:45:00 pm,898.9651125,910.5,
09/28/2024 3:50:00 pm,886.2588642857145,910.5,
09/28/2024 3:55:00 pm,876.0833250000001,910.5,42.24229
09/28/2024 4:00:00 pm,877.0268500000005,874.5,42.24229
09/28/2024 4:05:00 pm,877.2663,874.5,
09/28/2024 4:10:00 pm,890.4161250000001,910.5,
09/28/2024 4:15:00 pm,900.2992499999999,910.5,
09/28/2024 4:20:00 pm,921.30435,910.5,
09/28/2024 4:25:00 pm,912.5291142857144,910.5,
09/28/2024 4:30:00 pm,898.4153999999999,910.5,
09/28/2024 4:35:00 pm,895.6216875,910.5,
09/28/2024 4:40:00 pm,897.9672214285711,910.5,
09/28/2024 4:45:00 pm,906.2870500000006,910.5,
09/28/2024 4:50:00 pm,914.80965,910.5,
09/28/2024 4:55:00 pm,938.35185,910.5,42.24229
09/28/2024 5:00:00 pm,934.58901,874.5,42.24229
09/28/2024 5:05:00 pm,917.4154125,874.5,
09/28/2024 5:10:00 pm,911.67825,910.5,
09/28/2024 5:15:00 pm,911.5254,910.5,
09/28/2024 5:20:00 pm,914.3034,910.5,
09/28/2024 5:25:00 pm,924.8126625,910.5,
09/28/2024 5:30:00 pm,943.460325,910.5,42.11557
09/28/2024 5:35:00 pm,937.0491,910.5,42.11557
09/28/2024 5:40:00 pm,917.7022875,910.5,
09/28/2024 5:45:00 pm,915.789975,910.5,
09/28/2024 5:50:00 pm,920.158628571429,910.5,
09/28/2024 5:55:00 pm,931.005675,874.5,42.11557
09/28/2024 6:00:00 pm,940.1915500000003,874.5,38.49013
09/28/2024 6:05:00 pm,939.5479000000004,910.5,35.87801
09/28/2024 6:10:00 pm,934.0096999999996,910.5,
09/28/2024 6:15:00 pm,917.7297,910.5,
09/28/2024 6:20:00 pm,912.9253875,910.5,
09/28/2024 6:25:00 pm,911.5573249999997,910.5,
09/28/2024 6:30:00 pm,916.82115,910.5,
09/28/2024 6:35:00 pm,935.6611000000004,910.5,
09/28/2024 6:40:00 pm,940.6321875,910.5,
09/28/2024 6:45:00 pm,924.2082,910.5,
09/28/2024 6:50:00 pm,912.63273,910.5,
09/28/2024 6:55:00 pm,913.2156375,910.5,
09/28/2024 7:00:00 pm,919.7116249999996,874.5,35.87801
09/28/2024 7:05:00 pm,932.004,874.5,35.87801
09/28/2024 7:10:00 pm,942.857325,910.5,
09/28/2024 7:15:00 pm,935.06286,910.5,
09/28/2024 7:20:00 pm,925.4713125,910.5,
09/28/2024 7:25:00 pm,920.94654,910.5,
09/28/2024 7:30:00 pm,923.6204500000006,910.5,
09/28/2024 7:35:00 pm,934.09779,910.5,
09/28/2024 7:40:00 pm,932.43555,910.5,35.49738
09/28/2024 7:45:00 pm,923.64885,910.5,
09/28/2024 7:50:00 pm,917.1057,910.5,
09/28/2024 7:55:00 pm,909.1608,874.5,
09/28/2024 8:00:00 pm,908.38665,874.5,35.49738
09/28/2024 8:05:00 pm,913.3165000000004,910.5,35.49738
09/28/2024 8:10:00 pm,921.7759125,910.5,
09/28/2024 8:15:00 pm,930.646275,910.5,
09/28/2024 8:20:00 pm,934.6707,910.5,
09/28/2024 8:25:00 pm,924.2679375,910.5,
09/28/2024 8:30:00 pm,919.4775,910.5,
09/28/2024 8:35:00 pm,922.59018,910.5,
09/28/2024 8:40:00 pm,929.4312375,910.5,
09/28/2024 8:45:00 pm,939.41055,910.5,
09/28/2024 8:50:00 pm,946.97385,910.5,35.24361
09/28/2024 8:55:00 pm,915.121275,910.5,35.1148
09/28/2024 9:00:00 pm,907.8774,874.5,35.1148
09/28/2024 9:05:00 pm,903.242625,874.5,
09/28/2024 9:10:00 pm,905.74527,910.5,
09/28/2024 9:15:00 pm,911.0035999999996,910.5,
09/28/2024 9:20:00 pm,918.1852999999994,910.5,
09/28/2024 9:25:00 pm,924.3852499999996,910.5,
09/28/2024 9:30:00 pm,918.6795,910.5,
09/28/2024 9:35:00 pm,910.6683499999996,910.5,
09/28/2024 9:40:00 pm,911.3112,910.5,
09/28/2024 9:45:00 pm,915.8136,910.5,
09/28/2024 9:50:00 pm,919.342875,910.5,
09/28/2024 9:55:00 pm,929.9163,910.5,
09/28/2024 10:00:00 pm,932.4102,874.5,
09/28/2024 10:05:00 pm,919.3107,910.5,35.1148
09/28/2024 10:10:00 pm,908.2146499999996,910.5,
09/28/2024 10:15:00 pm,904.023675,910.5,
09/28/2024 10:20:00 pm,907.712925,910.5,
09/28/2024 10:25:00 pm,907.7431000000004,910.5,
09/28/2024 10:30:00 pm,916.5490000000004,910.5,
09/28/2024 10:35:00 pm,926.70615,910.5,
09/28/2024 10:40:00 pm,920.19135,910.5,
09/28/2024 10:45:00 pm,904.2326500000006,910.5,
09/28/2024 10:50:00 pm,899.2395000000001,910.5,
09/28/2024 10:55:00 pm,899.8972875,910.5,
09/28/2024 11:00:00 pm,903.78978,874.5,35.1148
09/28/2024 11:05:00 pm,913.8621,910.5,
09/28/2024 11:10:00 pm,929.9661499999996,910.5,
09/28/2024 11:15:00 pm,922.28475,910.5,
09/28/2024 11:20:00 pm,908.5426000000004,910.5,
09/28/2024 11:25:00 pm,904.383525,910.5,
09/28/2024 11:30:00 pm,905.5618999999996,910.5,
09/28/2024 11:35:00 pm,907.11405,910.5,
09/28/2024 11:40:00 pm,921.721575,910.5,
09/28/2024 11:45:00 pm,932.1891499999996,910.5,
09/28/2024 11:50:00 pm,920.13525,910.5,
09/28/2024 11:55:00 pm,911.8332499999996,910.5,
09/29/2024 12:00:00 am,910.7685375,874.5,35.1148
09/29/2024 12:05:00 am,913.5751125,910.5,
09/29/2024 12:10:00 am,917.8776428571434,910.5,
09/29/2024 12:15:00 am,933.269475,910.5,
09/29/2024 12:20:00 am,940.7491000000005,910.5,
09/29/2024 12:25:00 am,925.420725,910.5,
09/29/2024 12:30:00 am,914.5892500000006,910.5,
09/29/2024 12:35:00 am,910.7538,910.5,
09/29/2024 12:40:00 am,911.4529875,910.5,
09/29/2024 12:45:00 am,915.94875,910.5,
09/29/2024 12:50:00 am,931.0895500000004,910.5,
09/29/2024 12:55:00 am,931.2847000000004,910.5,
09/29/2024 1:00:00 am,917.6776000000006,910.5,
09/29/2024 1:05:00 am,908.6757,874.5,35.1148
09/29/2024 1:10:00 am,906.7362,910.5,
09/29/2024 1:15:00 am,908.8941,910.5,
09/29/2024 1:20:00 am,921.6505928571436,910.5,
09/29/2024 1:25:00 am,938.47515,910.5,
09/29/2024 1:30:00 am,932.45775,910.5,
09/29/2024 1:35:00 am,919.1505,910.5,
09/29/2024 1:40:00 am,914.7133875,910.5,
09/29/2024 1:45:00 am,915.00372,910.5,
09/29/2024 1:50:00 am,918.0922125,910.5,
09/29/2024 1:55:00 am,931.2795428571436,910.5,
09/29/2024 2:00:00 am,941.0938999999996,910.5,
09/29/2024 2:05:00 am,929.5563499999996,874.5,35.1148
09/29/2024 2:10:00 am,917.050725,910.5,
09/29/2024 2:15:00 am,915.6677500000004,910.5,
09/29/2024 2:20:00 am,915.70389,910.5,
09/29/2024 2:25:00 am,921.2247,910.5,
09/29/2024 2:30:00 am,933.869475,910.5,
09/29/2024 2:35:00 am,928.136775,910.5,
09/29/2024 2:40:00 am,918.6963,910.5,
09/29/2024 2:45:00 am,914.1463249999996,910.5,
09/29/2024 2:50:00 am,916.5120375,910.5,
09/29/2024 2:55:00 am,922.83309,910.5,
09/29/2024 3:00:00 am,932.1137500000006,910.5,
09/29/2024 3:05:00 am,937.89735,874.5,35.1148
09/29/2024 3:10:00 am,924.5538,910.5,
09/29/2024 3:15:00 am,918.92865,910.5,
09/29/2024 3:20:00 am,916.1592214285712,910.5,
09/29/2024 3:25:00 am,920.94525,910.5,
09/29/2024 3:30:00 am,926.7079125,910.5,
09/29/2024 3:35:00 am,932.904075,910.5,
09/29/2024 3:40:00 am,933.253607142858,910.5,
09/29/2024 3:45:00 am,922.349025,910.5,
09/29/2024 3:50:00 am,918.6564499999996,910.5,
09/29/2024 3:55:00 am,919.1641750000006,910.5,
09/29/2024 4:00:00 am,922.8633499999996,874.5,35.1148
09/29/2024 4:05:00 am,928.2589875,874.5,35.1148
09/29/2024 4:10:00 am,934.535925,910.5,
09/29/2024 4:15:00 am,930.040778571429,910.5,
09/29/2024 4:20:00 am,921.081225,910.5,
09/29/2024 4:25:00 am,919.94535,910.5,
09/29/2024 4:30:00 am,924.4356,910.5,
09/29/2024 4:35:00 am,929.79,910.5,
09/29/2024 4:40:00 am,933.13464,910.5,
09/29/2024 4:45:00 am,938.03355,910.5,
09/29/2024 4:50:00 am,929.456925,910.5,
09/29/2024 4:55:00 am,922.0813999999996,874.5,
09/29/2024 5:00:00 am,924.83955,874.5,35.1148
09/29/2024 5:05:00 am,933.312525,910.5,35.1148
09/29/2024 5:10:00 am,939.6933499999994,910.5,
09/29/2024 5:15:00 am,945.76095,910.5,
09/29/2024 5:20:00 am,947.17995,910.5,
09/29/2024 5:25:00 am,942.09555,910.5,
09/29/2024 5:30:00 am,937.1562499999995,910.5,
09/29/2024 5:35:00 am,936.65745,910.5,
09/29/2024 5:40:00 am,941.3145428571436,910.5,
09/29/2024 5:45:00 am,921.3715875,910.5,34.46846
09/29/2024 5:50:00 am,916.7041875,910.5,
09/29/2024 5:55:00 am,918.15162,910.5,
09/29/2024 6:00:00 am,913.4497875,874.5,34.46846
09/29/2024 6:05:00 am,906.2845875,910.5,34.46846
09/29/2024 6:10:00 am,905.65665,910.5,
09/29/2024 6:15:00 am,910.8336428571434,910.5,
09/29/2024 6:20:00 am,916.3474125,910.5,
09/29/2024 6:25:00 am,924.1569375,910.5,
09/29/2024 6:30:00 am,923.9592,910.5,
09/29/2024 6:35:00 am,918.85197,910.5,
09/29/2024 6:40:00 am,910.8972499999994,910.5,
09/29/2024 6:45:00 am,909.85965,910.5,
09/29/2024 6:50:00 am,914.691,910.5,
09/29/2024 6:55:00 am,918.4942000000004,874.5,
09/29/2024 7:00:00 am,920.1802999999996,910.5,34.46846
09/29/2024 7:05:00 am,925.2798,874.5,34.46846
09/29/2024 7:10:00 am,923.9613,910.5,
09/29/2024 7:15:00 am,919.5869500000005,910.5,
09/29/2024 7:20:00 am,916.61115,910.5,
09/29/2024 7:25:00 am,921.2902875,910.5,
09/29/2024 7:30:00 am,924.3301125,910.5,
09/29/2024 7:35:00 am,928.8233625,910.5,
09/29/2024 7:40:00 am,931.28526,910.5,
09/29/2024 7:45:00 am,931.4676,910.5,
09/29/2024 7:50:00 am,926.7421000000006,910.5,
09/29/2024 7:55:00 am,918.232425,910.5,
09/29/2024 8:00:00 am,919.8774,874.5,34.46846
09/29/2024 8:05:00 am,924.077325,910.5,
09/29/2024 8:10:00 am,926.0062125,910.5,
09/29/2024 8:15:00 am,934.0648875,910.5,
09/29/2024 8:20:00 am,936.75765,910.5,
09/29/2024 8:25:00 am,935.658,910.5,
09/29/2024 9:00:00 am,935.658,874.5,34.46846
09/29/2024 9:30:00 am,935.658,910.5,
09/29/2024 10:00:00 am,903.96885,874.5,34.46846
09/29/2024 10:05:00 am,,910.5,34.46846
09/29/2024 10:20:00 am,896.5391500000005,910.5,
09/29/2024 10:50:00 am,893.3950500000001,874.5,
09/29/2024 11:00:00 am,893.3950500000001,874.5,34.46846
09/29/2024 11:30:00 am,876.0345499999996,910.5,
09/29/2024 11:40:00 am,868.4907375,910.5,
09/29/2024 11:45:00 am,872.5742625,910.5,
09/29/2024 11:50:00 am,877.0527750000001,910.5,
09/29/2024 11:55:00 am,880.939575,910.5,
09/29/2024 12:00:00 pm,882.4347375,874.5,34.46846
09/29/2024 12:05:00 pm,878.954925,910.5,34.46846
09/29/2024 12:10:00 pm,871.6143375,910.5,
09/29/2024 12:15:00 pm,867.7465874999999,910.5,
09/29/2024 12:20:00 pm,867.4439400000001,910.5,
09/29/2024 12:25:00 pm,868.0225499999999,910.5,
09/29/2024 12:30:00 pm,871.4895000000001,910.5,
09/29/2024 12:35:00 pm,873.1653749999999,910.5,
09/29/2024 12:40:00 pm,867.641325,910.5,
09/29/2024 12:45:00 pm,862.9265250000001,910.5,
09/29/2024 12:55:00 pm,853.3480000000006,874.5,
09/29/2024 1:00:00 pm,851.5313249999999,910.5,34.46846
09/29/2024 1:05:00 pm,,874.5,34.46846
09/29/2024 1:15:00 pm,856.8116625,910.5,
09/29/2024 1:20:00 pm,857.69172,910.5,
09/29/2024 1:25:00 pm,854.8522500000001,910.5,
09/29/2024 1:30:00 pm,848.4893999999999,910.5,
09/29/2024 1:45:00 pm,854.0992999999995,910.5,
09/29/2024 1:50:00 pm,854.6877499999995,910.5,
09/29/2024 1:55:00 pm,853.1787375000001,874.5,
09/29/2024 2:00:00 pm,844.688325,910.5,34.46846
09/29/2024 2:05:00 pm,841.4201400000001,874.5,34.46846
09/29/2024 2:10:00 pm,840.1495875,910.5,
09/29/2024 2:15:00 pm,838.14165,910.5,
09/29/2024 2:20:00 pm,840.8090625,910.5,
09/29/2024 2:25:00 pm,841.0106625,910.5,
09/29/2024 2:30:00 pm,839.8932,910.5,
09/29/2024 2:45:00 pm,833.0905499999999,910.5,
09/29/2024 2:50:00 pm,833.6478000000001,910.5,
09/29/2024 2:55:00 pm,833.2569,874.5,
09/29/2024 3:00:00 pm,833.2569,874.5,34.46846
09/29/2024 3:30:00 pm,,910.5,34.46846
09/29/2024 4:00:00 pm,833.2569,874.5,34.46846
09/29/2024 4:30:00 pm,,874.5,
09/29/2024 5:00:00 pm,833.2569,874.5,34.46846
09/29/2024 5:30:00 pm,818.34024,910.5,
09/29/2024 5:35:00 pm,817.2247500000001,910.5,
09/29/2024 5:40:00 pm,816.8107499999999,910.5,
09/29/2024 5:45:00 pm,812.2956899999999,910.5,
09/29/2024 5:50:00 pm,812.0565499999996,910.5,
09/29/2024 5:55:00 pm,814.261425,910.5,34.46846
09/29/2024 6:00:00 pm,816.2657500000005,874.5,
09/29/2024 6:05:00 pm,819.1024249999996,874.5,34.46846
09/29/2024 6:10:00 pm,822.66255,910.5,
09/29/2024 6:15:00 pm,822.3979875,910.5,
09/29/2024 6:20:00 pm,819.1272749999999,910.5,
09/29/2024 6:25:00 pm,819.0378000000001,910.5,
09/29/2024 6:30:00 pm,819.09036,910.5,
09/29/2024 6:35:00 pm,815.3686875,910.5,
09/29/2024 6:40:00 pm,813.269678571429,910.5,
09/29/2024 6:45:00 pm,815.031225,910.5,
09/29/2024 6:50:00 pm,815.7033749999999,910.5,
09/29/2024 6:55:00 pm,819.1780750000005,874.5,34.46846
09/29/2024 7:00:00 pm,820.4480249999999,910.5,34.46846
09/29/2024 7:05:00 pm,821.0106499999995,874.5,
09/29/2024 7:10:00 pm,820.1171625,910.5,
09/29/2024 7:15:00 pm,820.29345,910.5,
09/29/2024 7:20:00 pm,821.9504625000001,910.5,
09/29/2024 7:25:00 pm,823.616175,910.5,
09/29/2024 7:30:00 pm,827.4993,910.5,
09/29/2024 7:35:00 pm,829.443525,910.5,
09/29/2024 7:40:00 pm,830.9956000000005,910.5,
09/29/2024 7:45:00 pm,830.8113,910.5,
09/29/2024 7:50:00 pm,830.3895642857145,910.5,
09/29/2024 7:55:00 pm,829.624875,910.5,34.46846
09/29/2024 8:00:00 pm,829.17345,874.5,
09/29/2024 8:05:00 pm,830.636775,874.5,34.46846
09/29/2024 8:10:00 pm,826.188975,910.5,
09/29/2024 8:15:00 pm,826.70055,910.5,
09/29/2024 8:20:00 pm,824.6116499999999,910.5,
09/29/2024 8:25:00 pm,824.0364000000001,910.5,
09/29/2024 8:30:00 pm,821.2384875,910.5,
09/29/2024 8:35:00 pm,816.8679000000001,910.5,
09/29/2024 8:40:00 pm,815.38875,910.5,
09/29/2024 8:45:00 pm,814.5391500000001,910.5,
09/29/2024 8:50:00 pm,811.4226,910.5,
09/29/2024 8:55:00 pm,812.2123000000006,874.5,
09/29/2024 9:00:00 pm,810.9452699999999,910.5,34.46846
09/29/2024 9:05:00 pm,812.9772499999995,874.5,34.46846
09/29/2024 9:10:00 pm,810.0863999999999,910.5,
09/29/2024 9:15:00 pm,811.0788375000001,910.5,
09/29/2024 9:20:00 pm,812.9390999999999,910.5,
09/29/2024 9:25:00 pm,814.6459500000001,910.5,
09/29/2024 9:30:00 pm,812.7001500000001,910.5,
09/29/2024 9:35:00 pm,814.0445749999994,910.5,
09/29/2024 9:40:00 pm,812.2769250000001,910.5,
09/29/2024 9:45:00 pm,813.52215,910.5,
09/29/2024 9:50:00 pm,814.6317,910.5,
09/29/2024 9:55:00 pm,815.168475,910.5,
09/29/2024 10:00:00 pm,814.0407749999999,910.5,34.46846
09/29/2024 10:05:00 pm,815.2236300000001,874.5,
09/29/2024 10:10:00 pm,811.506975,910.5,
09/29/2024 10:15:00 pm,811.95945,910.5,
09/29/2024 10:20:00 pm,812.5962750000001,910.5,
09/29/2024 10:25:00 pm,812.8629,910.5,
09/29/2024 10:30:00 pm,815.312475,910.5,
09/29/2024 10:35:00 pm,818.701725,910.5,
09/29/2024 10:40:00 pm,824.9680999999996,910.5,
09/29/2024 10:45:00 pm,829.08735,910.5,
09/29/2024 10:50:00 pm,830.0406,910.5,
09/29/2024 10:55:00 pm,836.186625,910.5,
09/29/2024 11:00:00 pm,837.1763625,910.5,
09/29/2024 11:05:00 pm,837.5271,874.5,34.46846
09/29/2024 11:10:00 pm,841.6866,910.5,
09/29/2024 11:15:00 pm,843.8863125,910.5,
09/29/2024 11:20:00 pm,845.6585249999999,910.5,
09/29/2024 11:25:00 pm,850.2877500000001,910.5,
09/29/2024 11:30:00 pm,851.0885249999999,910.5,
09/29/2024 11:35:00 pm,854.3165500000005,910.5,
09/29/2024 11:40:00 pm,853.53225,910.5,
09/29/2024 11:45:00 pm,852.6074249999999,910.5,
09/29/2024 11:50:00 pm,853.6088625,910.5,
09/29/2024 11:55:00 pm,851.324625,910.5,
09/30/2024 12:00:00 am,852.354,910.5,34.46846
